Fold,Feature,acc_,acc_after,TPR_diff,TPR_diff_after,FPR_diff,FPR_diff_after,SPD,SPD_after,DIR,DIR_after,AOD,AOD_after,TPR,TPR_after,FPR,FPR_after,SP,SP_after,Pre,Pre_after,Re,Re_after,F1,F1_after,ACC,ACC_after
0,sex,0.7047619047619048,0.6761904761904762,0.119,0.143,-0.256,-0.255,0.18,0.193,0.69,0.629,-0.0685,-0.05600000000000001,0.708,0.604,0.298,0.263,0.486,0.419,0.667,0.659,0.708,0.604,0.687,0.63,0.705,0.676
0,age,0.7047619047619048,0.6761904761904762,-0.833,-0.532,0.333,0.208,0.544,0.36,0,0,-0.24999999999999997,-0.16200000000000003,0.708,0.521,0.298,0.193,0.486,0.343,0.667,0.694,0.708,0.521,0.687,0.595,0.705,0.676
0,Pstatus,0.7047619047619048,0.6571428571428571,-0.051,-0.12,-0.039,0.088,0.056,0.056,0.896,1.167,-0.045,-0.016,0.708,0.542,0.298,0.246,0.486,0.381,0.667,0.65,0.708,0.542,0.687,0.591,0.705,0.657
0,Medu,0.7047619047619048,0.6571428571428571,-0.325,-0.12,0.208,-0.026,0.339,0.098,2.356,1.315,-0.05850000000000001,-0.073,0.708,0.542,0.298,0.246,0.486,0.381,0.667,0.65,0.708,0.542,0.687,0.591,0.705,0.657
0,Fjob,0.7047619047619048,0.7047619047619048,-0.095,-0.095,0.111,0.192,0.086,0.129,1.2,1.321,0.008,0.0485,0.708,0.708,0.298,0.298,0.486,0.486,0.667,0.667,0.708,0.708,0.687,0.687,0.705,0.705
0,reason,0.7047619047619048,0.7047619047619048,0.265,0.265,-0.181,0.042,0.241,0.123,0.616,0.78,0.04200000000000001,0.1535,0.708,0.708,0.298,0.298,0.486,0.486,0.667,0.667,0.708,0.708,0.687,0.687,0.705,0.705
0,guardian,0.7047619047619048,0.6476190476190476,0.298,-0.681,0.304,-0.643,0.015,0.005,0.971,1.01,0.301,-0.662,0.708,0.667,0.298,0.368,0.486,0.505,0.667,0.604,0.708,0.667,0.687,0.634,0.705,0.648
0,traveltime,0.7047619047619048,0.6571428571428571,-0.344,-0.251,0.298,0.316,0.09,0.06,1.225,1.15,-0.022999999999999993,0.0325,0.708,0.625,0.298,0.316,0.486,0.457,0.667,0.625,0.708,0.625,0.687,0.625,0.705,0.657
0,studytime,0.7047619047619048,0.6571428571428571,0.109,-0.034,-0.366,-0.06,0.289,0.06,0.593,0.889,-0.1285,-0.047,0.708,0.667,0.298,0.351,0.486,0.495,0.667,0.615,0.708,0.667,0.687,0.64,0.705,0.657
0,schoolsup,0.7047619047619048,0.5714285714285714,-0.85,-0.5,0.5,-0.095,0.689,0.138,0,1.285,-0.175,-0.2975,0.708,0.667,0.298,0.509,0.486,0.581,0.667,0.525,0.708,0.667,0.687,0.588,0.705,0.571
0,famsup,0.7047619047619048,0.6857142857142857,0.116,0.063,-0.319,-0.043,0.203,0.023,0.684,0.96,-0.1015,0.010000000000000002,0.708,0.75,0.298,0.368,0.486,0.543,0.667,0.632,0.708,0.75,0.687,0.686,0.705,0.686
0,paid,0.7047619047619048,0.6761904761904762,-0.5,-0.295,0.177,0.134,0.339,0.232,2.867,1.638,-0.1615,-0.08049999999999999,0.708,0.771,0.298,0.404,0.486,0.571,0.667,0.617,0.708,0.771,0.687,0.685,0.705,0.676
0,activities,0.7047619047619048,0.6666666666666666,-0.022,-0.044,-0.025,0.091,0.052,0.11,0.898,1.22,-0.0235,0.0235,0.708,0.75,0.298,0.404,0.486,0.562,0.667,0.61,0.708,0.75,0.687,0.673,0.705,0.667
0,nursery,0.7047619047619048,0.6476190476190476,-0.044,-0.111,0.067,-0.061,0.207,0.09,1.657,1.171,0.011500000000000003,-0.086,0.708,0.771,0.298,0.456,0.486,0.6,0.667,0.587,0.708,0.771,0.687,0.667,0.705,0.648
0,higher,0.7047619047619048,0.7047619047619048,-0.708,-0.771,0.304,0.357,0.49,0.548,0,0,-0.20199999999999999,-0.20700000000000002,0.708,0.771,0.298,0.351,0.486,0.543,0.667,0.649,0.708,0.771,0.687,0.705,0.705,0.705
0,internet,0.7047619047619048,0.6666666666666666,-0.495,-0.091,0.347,-0.071,0.411,0.0,4.083,1.0,-0.07400000000000001,-0.08099999999999999,0.708,0.792,0.298,0.439,0.486,0.6,0.667,0.603,0.708,0.792,0.687,0.685,0.705,0.667
0,romantic,0.7047619047619048,0.6857142857142857,0.174,0.15,-0.044,0.022,0.05,0.003,0.906,0.994,0.065,0.086,0.708,0.729,0.298,0.351,0.486,0.524,0.667,0.636,0.708,0.729,0.687,0.679,0.705,0.686
0,famrel,0.7047619047619048,0.6666666666666666,-0.188,0.009,-0.078,-0.199,0.065,0.091,1.15,0.86,-0.133,-0.095,0.708,0.771,0.298,0.421,0.486,0.581,0.667,0.607,0.708,0.771,0.687,0.679,0.705,0.667
0,freetime,0.7047619047619048,0.6761904761904762,0.221,0.1,0.074,0.028,0.084,0.049,0.844,0.913,0.1475,0.064,0.708,0.729,0.298,0.368,0.486,0.533,0.667,0.625,0.708,0.729,0.687,0.673,0.705,0.676
0,goout,0.7047619047619048,0.6666666666666666,-0.278,-0.167,0.03,0.051,0.167,0.127,1.455,1.292,-0.12400000000000001,-0.05800000000000001,0.708,0.708,0.298,0.368,0.486,0.524,0.667,0.618,0.708,0.708,0.687,0.66,0.705,0.667
0,Walc,0.7047619047619048,0.6571428571428571,-0.5,-0.182,0.187,0.156,0.369,0.24,3.091,1.816,-0.1565,-0.012999999999999998,0.708,0.667,0.298,0.351,0.486,0.495,0.667,0.615,0.708,0.667,0.687,0.64,0.705,0.657
0,health,0.7047619047619048,0.6476190476190476,0.226,0.103,-0.106,0.094,0.2,0.028,0.667,0.952,0.060000000000000005,0.0985,0.708,0.729,0.298,0.421,0.486,0.562,0.667,0.593,0.708,0.729,0.687,0.654,0.705,0.648
0,absences,0.7047619047619048,0.638095238095238,-0.724,0.304,0.357,-0.237,0.544,0.163,0,0.767,-0.1835,0.0335,0.708,0.708,0.298,0.421,0.486,0.552,0.667,0.586,0.708,0.708,0.687,0.641,0.705,0.638
1,sex,0.7142857142857143,0.7523809523809524,0.13,-0.088,0.15,-0.158,0.109,0.144,1.442,0.594,0.14,-0.123,0.512,0.537,0.156,0.109,0.295,0.276,0.677,0.759,0.512,0.537,0.583,0.629,0.714,0.752
1,age,0.7142857142857143,0.7333333333333333,-0.75,-0.463,0.217,-0.055,0.4,0.102,0,1.714,-0.2665,-0.259,0.512,0.463,0.156,0.094,0.295,0.238,0.677,0.76,0.512,0.463,0.583,0.575,0.714,0.733
1,Pstatus,0.7142857142857143,0.7428571428571429,0.167,0.193,-0.077,0.109,0.043,0.091,0.871,1.548,0.045000000000000005,0.151,0.512,0.488,0.156,0.094,0.295,0.248,0.677,0.769,0.512,0.488,0.583,0.597,0.714,0.743
1,Medu,0.7142857142857143,0.7238095238095238,-0.492,0.292,0.255,0.121,0.406,0.121,5.3,0.701,-0.1185,0.2065,0.512,0.585,0.156,0.188,0.295,0.343,0.677,0.667,0.512,0.585,0.583,0.623,0.714,0.724
1,Fjob,0.7142857142857143,0.7333333333333333,0.176,0.145,-0.006,0.019,0.091,0.066,0.74,0.824,0.08499999999999999,0.08199999999999999,0.512,0.585,0.156,0.172,0.295,0.333,0.677,0.686,0.512,0.585,0.583,0.631,0.714,0.733
1,reason,0.7142857142857143,0.7238095238095238,-0.074,0.269,-0.19,-0.054,0.119,0.209,0.691,0.582,-0.132,0.10750000000000001,0.512,0.585,0.156,0.188,0.295,0.343,0.677,0.667,0.512,0.585,0.583,0.623,0.714,0.724
1,guardian,0.7142857142857143,0.7333333333333333,-0.525,0.45,0.167,-0.1,0.31,0.09,0,0.775,-0.179,0.175,0.512,0.561,0.156,0.156,0.295,0.314,0.677,0.697,0.512,0.561,0.583,0.622,0.714,0.733
1,traveltime,0.7142857142857143,0.7238095238095238,-0.538,-0.564,0.192,0.192,0.341,0.352,0,0,-0.17300000000000001,-0.18599999999999997,0.512,0.537,0.156,0.156,0.295,0.305,0.677,0.688,0.512,0.537,0.583,0.603,0.714,0.724
1,studytime,0.7142857142857143,0.6666666666666666,0.295,0.08,-0.466,-0.023,0.433,0.1,0.35,0.786,-0.08550000000000002,0.0285,0.512,0.561,0.156,0.266,0.295,0.381,0.677,0.575,0.512,0.561,0.583,0.568,0.714,0.667
1,schoolsup,0.7142857142857143,0.7047619047619048,-0.525,-0.575,-0.335,-0.669,0.116,0.395,0.711,0.436,-0.43000000000000005,-0.622,0.512,0.561,0.156,0.203,0.295,0.343,0.677,0.639,0.512,0.561,0.583,0.597,0.714,0.705
1,famsup,0.7142857142857143,0.7047619047619048,0.244,0.023,0.01,0.139,0.032,0.129,0.898,1.444,0.127,0.081,0.512,0.585,0.156,0.219,0.295,0.362,0.677,0.632,0.512,0.585,0.583,0.608,0.714,0.705
1,paid,0.7142857142857143,0.7142857142857143,-0.538,0.41,0.164,-0.12,0.31,0.24,0,0.6,-0.187,0.145,0.512,0.61,0.156,0.219,0.295,0.371,0.677,0.641,0.512,0.61,0.583,0.625,0.714,0.714
1,activities,0.7142857142857143,0.7142857142857143,-0.09,-0.058,-0.01,0.014,0.034,0.095,0.891,1.297,-0.049999999999999996,-0.022000000000000002,0.512,0.61,0.156,0.219,0.295,0.371,0.677,0.641,0.512,0.61,0.583,0.625,0.714,0.714
1,nursery,0.7142857142857143,0.7142857142857143,-0.481,-0.352,0.09,0.103,0.241,0.197,3.412,1.788,-0.1955,-0.1245,0.512,0.659,0.156,0.25,0.295,0.41,0.677,0.628,0.512,0.659,0.583,0.643,0.714,0.714
1,higher,0.7142857142857143,0.7047619047619048,-0.512,-0.707,0.189,0.249,0.33,0.409,0,5.5,-0.1615,-0.22899999999999998,0.512,0.707,0.156,0.297,0.295,0.457,0.677,0.604,0.512,0.707,0.583,0.651,0.714,0.705
1,internet,0.7142857142857143,0.6666666666666666,-0.291,-0.007,0.147,0.181,0.267,0.238,4.067,1.683,-0.072,0.087,0.512,0.756,0.156,0.391,0.295,0.533,0.677,0.554,0.512,0.756,0.583,0.639,0.714,0.667
1,romantic,0.7142857142857143,0.7047619047619048,-0.418,0.193,0.142,-0.046,0.244,0.111,2.571,0.808,-0.138,0.07350000000000001,0.512,0.78,0.156,0.344,0.295,0.514,0.677,0.593,0.512,0.78,0.583,0.674,0.714,0.705
1,famrel,0.7142857142857143,0.6857142857142857,-0.016,0.123,0.1,-0.123,0.11,0.079,1.503,0.851,0.042,0.0,0.512,0.707,0.156,0.328,0.295,0.476,0.677,0.58,0.512,0.707,0.583,0.637,0.714,0.686
1,freetime,0.7142857142857143,0.6857142857142857,0.307,0.085,0.206,0.193,0.044,0.119,1.165,1.324,0.2565,0.139,0.512,0.659,0.156,0.297,0.295,0.438,0.677,0.587,0.512,0.659,0.583,0.621,0.714,0.686
1,goout,0.7142857142857143,0.6761904761904762,-0.148,-0.145,0.178,0.295,0.244,0.312,2.669,2.42,0.015,0.075,0.512,0.61,0.156,0.281,0.295,0.41,0.677,0.581,0.512,0.61,0.583,0.595,0.714,0.676
1,Walc,0.7142857142857143,0.7142857142857143,-0.291,-0.149,0.176,0.027,0.298,0.177,5.019,1.681,-0.057499999999999996,-0.061,0.512,0.634,0.156,0.234,0.295,0.39,0.677,0.634,0.512,0.634,0.583,0.634,0.714,0.714
1,health,0.7142857142857143,0.6952380952380952,-0.02,0.047,-0.137,-0.064,0.076,0.057,0.778,0.877,-0.0785,-0.0085,0.512,0.659,0.156,0.281,0.295,0.429,0.677,0.6,0.512,0.659,0.583,0.628,0.714,0.695
1,absences,0.7142857142857143,0.6952380952380952,-0.476,0.333,0.219,-0.375,0.321,0.279,0,0.602,-0.1285,-0.02099999999999999,0.512,0.683,0.156,0.297,0.295,0.448,0.677,0.596,0.512,0.683,0.583,0.637,0.714,0.695
2,sex,0.6190476190476191,0.6,-0.178,-0.233,0.163,0.124,0.186,0.186,1.683,1.683,-0.007499999999999993,-0.05450000000000001,0.5,0.479,0.281,0.298,0.381,0.381,0.6,0.575,0.5,0.479,0.545,0.523,0.619,0.6
2,age,0.6190476190476191,0.5619047619047619,0.6,0.617,-0.289,-0.112,0.324,0.167,0.46,0.667,0.1555,0.2525,0.5,0.396,0.281,0.298,0.381,0.343,0.6,0.528,0.5,0.396,0.545,0.453,0.619,0.562
2,Pstatus,0.6190476190476191,0.5428571428571428,0.251,-0.129,-0.131,-0.292,0.228,0.062,0.608,0.852,0.06,-0.2105,0.5,0.396,0.281,0.333,0.381,0.362,0.6,0.5,0.5,0.396,0.545,0.442,0.619,0.543
2,Medu,0.6190476190476191,0.580952380952381,-0.459,-0.042,0.403,-0.133,0.434,0.056,3.429,0.875,-0.027999999999999997,-0.08750000000000001,0.5,0.5,0.281,0.351,0.381,0.419,0.6,0.545,0.5,0.5,0.545,0.522,0.619,0.581
2,Fjob,0.6190476190476191,0.6095238095238096,0.059,0.241,0.043,0.029,0.014,0.071,1.038,0.852,0.051,0.135,0.5,0.542,0.281,0.333,0.381,0.429,0.6,0.578,0.5,0.542,0.545,0.559,0.619,0.61
2,reason,0.6190476190476191,0.5904761904761905,0.101,0.0,-0.338,-0.103,0.22,0.047,0.585,0.894,-0.11850000000000001,-0.0515,0.5,0.5,0.281,0.333,0.381,0.41,0.6,0.558,0.5,0.5,0.545,0.527,0.619,0.59
2,guardian,0.6190476190476191,0.5047619047619047,-0.5,-0.5,0.157,0.071,0.255,0.071,2.786,1.167,-0.17149999999999999,-0.2145,0.5,0.5,0.281,0.491,0.381,0.495,0.6,0.462,0.5,0.5,0.545,0.48,0.619,0.505
2,traveltime,0.6190476190476191,0.5428571428571428,-0.522,-0.522,0.308,0.242,0.408,0.337,0,3.357,-0.10700000000000001,-0.14,0.5,0.5,0.281,0.421,0.381,0.457,0.6,0.5,0.5,0.5,0.545,0.5,0.619,0.543
2,studytime,0.6190476190476191,0.5619047619047619,0.333,0.111,-0.266,-0.138,0.323,0.136,0.492,0.751,0.0335,-0.013500000000000005,0.5,0.5,0.281,0.386,0.381,0.438,0.6,0.522,0.5,0.5,0.545,0.511,0.619,0.562
2,schoolsup,0.6190476190476191,0.5619047619047619,-0.545,0.0,0.302,0.415,0.412,0.204,0,1.814,-0.12150000000000002,0.2075,0.5,0.5,0.281,0.386,0.381,0.438,0.6,0.522,0.5,0.5,0.545,0.511,0.619,0.562
2,famsup,0.6190476190476191,0.5714285714285714,-0.084,-0.07,-0.107,0.059,0.04,0.048,0.902,1.1,-0.0955,-0.005500000000000005,0.5,0.583,0.281,0.439,0.381,0.505,0.6,0.528,0.5,0.583,0.545,0.554,0.619,0.571
2,paid,0.6190476190476191,0.5714285714285714,-0.511,0.426,0.302,-0.066,0.4,0.1,0,0.833,-0.10450000000000001,0.18,0.5,0.583,0.281,0.439,0.381,0.505,0.6,0.528,0.5,0.583,0.545,0.554,0.619,0.571
2,activities,0.6190476190476191,0.5714285714285714,0.392,0.356,-0.135,-0.174,0.289,0.277,0.455,0.572,0.1285,0.091,0.5,0.583,0.281,0.439,0.381,0.505,0.6,0.528,0.5,0.583,0.545,0.554,0.619,0.571
2,nursery,0.6190476190476191,0.5714285714285714,-0.158,-0.062,0.13,0.175,0.145,0.126,1.526,1.304,-0.013999999999999999,0.056499999999999995,0.5,0.583,0.281,0.439,0.381,0.505,0.6,0.528,0.5,0.583,0.545,0.554,0.619,0.571
2,higher,0.6190476190476191,0.580952380952381,-0.5,-0.646,0.364,0.315,0.435,0.367,0,2.591,-0.068,-0.1655,0.5,0.646,0.281,0.474,0.381,0.552,0.6,0.534,0.5,0.646,0.545,0.585,0.619,0.581
2,internet,0.6190476190476191,0.6190476190476191,-0.295,-0.184,0.036,-0.071,0.144,0.032,1.547,1.06,-0.1295,-0.1275,0.5,0.688,0.281,0.439,0.381,0.552,0.6,0.569,0.5,0.688,0.545,0.623,0.619,0.619
2,romantic,0.6190476190476191,0.6,-0.101,-0.034,0.013,-0.294,0.072,0.132,1.217,0.794,-0.044000000000000004,-0.16399999999999998,0.5,0.667,0.281,0.456,0.381,0.552,0.6,0.552,0.5,0.667,0.545,0.604,0.619,0.6
2,famrel,0.6190476190476191,0.6,-0.177,-0.393,-0.135,-0.107,0.008,0.122,1.021,1.266,-0.156,-0.25,0.5,0.667,0.281,0.456,0.381,0.552,0.6,0.552,0.5,0.667,0.545,0.604,0.619,0.6
2,freetime,0.6190476190476191,0.6095238095238096,-0.242,-0.261,0.085,0.128,0.158,0.189,1.579,1.481,-0.07849999999999999,-0.0665,0.5,0.646,0.281,0.421,0.381,0.524,0.6,0.564,0.5,0.646,0.545,0.602,0.619,0.61
2,goout,0.6190476190476191,0.6,0.0,0.067,0.294,0.29,0.157,0.125,1.558,1.286,0.147,0.1785,0.5,0.625,0.281,0.421,0.381,0.514,0.6,0.556,0.5,0.625,0.545,0.588,0.619,0.6
2,Walc,0.6190476190476191,0.5714285714285714,-0.205,-0.197,0.29,0.076,0.278,0.139,2.667,1.333,0.042499999999999996,-0.060500000000000005,0.5,0.604,0.281,0.456,0.381,0.524,0.6,0.527,0.5,0.604,0.545,0.563,0.619,0.571
2,health,0.6190476190476191,0.6,0.168,-0.021,-0.235,0.008,0.227,0.011,0.545,0.979,-0.03349999999999999,-0.006500000000000001,0.5,0.625,0.281,0.421,0.381,0.514,0.6,0.556,0.5,0.625,0.545,0.588,0.619,0.6
2,absences,0.6190476190476191,0.5619047619047619,-0.48,0.391,0.45,-0.201,0.467,0.159,0,0.768,-0.014999999999999986,0.095,0.5,0.625,0.281,0.491,0.381,0.552,0.6,0.517,0.5,0.625,0.545,0.566,0.619,0.562
3,sex,0.5047619047619047,0.580952380952381,0.048,0.037,0.183,0.054,0.071,0.057,1.278,1.167,0.11549999999999999,0.0455,0.365,0.473,0.161,0.161,0.305,0.381,0.844,0.875,0.365,0.473,0.51,0.614,0.505,0.581
3,age,0.5047619047619047,0.580952380952381,-0.371,-0.486,0.167,-0.362,0.319,0.136,0,1.545,-0.102,-0.424,0.365,0.473,0.161,0.161,0.305,0.381,0.844,0.875,0.365,0.473,0.51,0.614,0.505,0.581
3,Pstatus,0.5047619047619047,0.6095238095238096,-0.108,-0.069,0.185,0.185,0.122,0.089,1.611,1.267,0.0385,0.057999999999999996,0.365,0.514,0.161,0.161,0.305,0.41,0.844,0.884,0.365,0.514,0.51,0.65,0.505,0.61
3,Medu,0.5047619047619047,0.6285714285714286,-0.266,0.035,0.227,0.038,0.28,0.049,3.005,1.117,-0.019500000000000003,0.036500000000000005,0.365,0.554,0.161,0.194,0.305,0.448,0.844,0.872,0.365,0.554,0.51,0.678,0.505,0.629
3,Fjob,0.5047619047619047,0.6761904761904762,0.192,0.215,-0.281,-0.5,0.202,0.268,0.543,0.604,-0.04450000000000001,-0.14250000000000002,0.365,0.622,0.161,0.194,0.305,0.495,0.844,0.885,0.365,0.622,0.51,0.731,0.505,0.676
3,reason,0.5047619047619047,0.6761904761904762,0.217,0.012,-0.12,-0.033,0.213,0.063,0.522,0.887,0.0485,-0.0105,0.365,0.635,0.161,0.226,0.305,0.514,0.844,0.87,0.365,0.635,0.51,0.734,0.505,0.676
3,guardian,0.5047619047619047,0.6666666666666666,-0.391,-0.438,0.071,0.273,0.269,0.478,4.769,7.692,-0.16,-0.08249999999999999,0.365,0.608,0.161,0.194,0.305,0.486,0.844,0.882,0.365,0.608,0.51,0.72,0.505,0.667
3,traveltime,0.5047619047619047,0.6476190476190476,0.644,0.411,0.185,0.259,0.11,0.3,1.55,2.5,0.4145,0.33499999999999996,0.365,0.595,0.161,0.226,0.305,0.486,0.844,0.863,0.365,0.595,0.51,0.704,0.505,0.648
3,studytime,0.5047619047619047,0.638095238095238,0.316,0.166,-0.42,0.073,0.364,0.183,0.326,0.693,-0.05199999999999999,0.1195,0.365,0.581,0.161,0.226,0.305,0.476,0.844,0.86,0.365,0.581,0.51,0.693,0.505,0.638
3,schoolsup,0.5047619047619047,0.6666666666666666,-0.38,-0.286,0.179,0.214,0.323,0.338,0,3.03,-0.1005,-0.03599999999999999,0.365,0.608,0.161,0.194,0.305,0.486,0.844,0.882,0.365,0.608,0.51,0.72,0.505,0.667
3,famsup,0.5047619047619047,0.7142857142857143,0.038,-0.117,-0.075,-0.079,0.017,0.123,0.945,1.26,-0.0185,-0.098,0.365,0.689,0.161,0.226,0.305,0.552,0.844,0.879,0.365,0.689,0.51,0.772,0.505,0.714
3,paid,0.5047619047619047,0.7238095238095238,-0.375,0.306,-0.19,0.25,0.11,0.17,1.55,1.425,-0.2825,0.278,0.365,0.703,0.161,0.226,0.305,0.562,0.844,0.881,0.365,0.703,0.51,0.782,0.505,0.724
3,activities,0.5047619047619047,0.7047619047619048,0.073,-0.176,-0.278,-0.333,0.105,0.084,0.707,1.174,-0.10250000000000001,-0.2545,0.365,0.662,0.161,0.194,0.305,0.524,0.844,0.891,0.365,0.662,0.51,0.76,0.505,0.705
3,nursery,0.5047619047619047,0.7333333333333333,-0.245,-0.002,0.217,0.304,0.278,0.278,5.167,1.833,-0.013999999999999999,0.151,0.365,0.716,0.161,0.226,0.305,0.571,0.844,0.883,0.365,0.716,0.51,0.791,0.505,0.733
3,higher,0.5047619047619047,0.7238095238095238,-0.365,-0.73,0.208,0.19,0.327,0.49,0,4.429,-0.0785,-0.27,0.365,0.73,0.161,0.29,0.305,0.6,0.844,0.857,0.365,0.73,0.51,0.788,0.505,0.724
3,internet,0.5047619047619047,0.7333333333333333,-0.177,-0.125,0.192,0.031,0.226,0.189,3.263,1.474,0.007500000000000007,-0.047,0.365,0.716,0.161,0.226,0.305,0.571,0.844,0.883,0.365,0.716,0.51,0.791,0.505,0.733
3,romantic,0.5047619047619047,0.7523809523809524,-0.242,-0.047,0.312,0.05,0.28,0.094,3.005,1.176,0.035,0.0015000000000000013,0.365,0.743,0.161,0.226,0.305,0.59,0.844,0.887,0.365,0.743,0.51,0.809,0.505,0.752
3,famrel,0.5047619047619047,0.7428571428571429,-0.306,-0.166,-0.086,-0.106,0.179,0.154,2.136,1.326,-0.196,-0.136,0.365,0.743,0.161,0.258,0.305,0.6,0.844,0.873,0.365,0.743,0.51,0.803,0.505,0.743
3,freetime,0.5047619047619047,0.7238095238095238,-0.128,0.026,0.238,0.038,0.157,0.014,1.786,0.975,0.05499999999999999,0.032,0.365,0.703,0.161,0.226,0.305,0.562,0.844,0.881,0.365,0.703,0.51,0.782,0.505,0.724
3,goout,0.5047619047619047,0.7238095238095238,-0.26,-0.09,0.173,0.173,0.265,0.217,2.625,1.531,-0.04350000000000001,0.041499999999999995,0.365,0.676,0.161,0.161,0.305,0.524,0.844,0.909,0.365,0.676,0.51,0.775,0.505,0.724
3,Walc,0.5047619047619047,0.6761904761904762,-0.409,0.114,0.25,-0.023,0.372,0.073,0,1.154,-0.07949999999999999,0.0455,0.365,0.649,0.161,0.258,0.305,0.533,0.844,0.857,0.365,0.649,0.51,0.739,0.505,0.676
3,health,0.5047619047619047,0.6857142857142857,0.224,0.073,-0.12,-0.033,0.231,0.151,0.468,0.752,0.052000000000000005,0.019999999999999997,0.365,0.649,0.161,0.226,0.305,0.524,0.844,0.873,0.365,0.649,0.51,0.745,0.505,0.686
3,absences,0.5047619047619047,0.7142857142857143,-0.463,-0.081,0.364,0.231,0.442,0.258,0,1.86,-0.049500000000000016,0.07500000000000001,0.365,0.676,0.161,0.194,0.305,0.533,0.844,0.893,0.365,0.676,0.51,0.769,0.505,0.714
4,sex,0.7211538461538461,0.6826923076923077,0.1,0.13,-0.02,-0.097,0.012,0.094,1.052,0.491,0.04,0.0165,0.414,0.138,0.16,0.107,0.231,0.115,0.5,0.333,0.414,0.138,0.453,0.195,0.721,0.683
4,age,0.7211538461538461,0.6634615384615384,0.556,0.474,0.25,-0.069,0.053,0.142,1.212,0.545,0.403,0.20249999999999999,0.414,0.241,0.16,0.173,0.231,0.192,0.5,0.35,0.414,0.241,0.453,0.285,0.721,0.663
4,Pstatus,0.7211538461538461,0.6826923076923077,0.607,-0.286,-0.101,0.179,0.112,0.211,0.663,0,0.253,-0.05349999999999999,0.414,0.276,0.16,0.16,0.231,0.192,0.5,0.4,0.414,0.276,0.453,0.327,0.721,0.683
4,Medu,0.7211538461538461,0.6153846153846154,-0.367,-0.056,0.353,-0.132,0.381,0.086,3.735,0.806,-0.007000000000000006,-0.094,0.414,0.483,0.16,0.333,0.231,0.375,0.5,0.359,0.414,0.483,0.453,0.412,0.721,0.615
4,Fjob,0.7211538461538461,0.6634615384615384,0.289,0.324,-0.123,0.0,0.208,0.118,0.444,0.622,0.08299999999999999,0.162,0.414,0.31,0.16,0.2,0.231,0.231,0.5,0.375,0.414,0.31,0.453,0.339,0.721,0.663
4,reason,0.7211538461538461,0.6153846153846154,0.119,0.137,-0.144,0.062,0.114,0.015,0.626,1.059,-0.012499999999999997,0.0995,0.414,0.276,0.16,0.253,0.231,0.26,0.5,0.296,0.414,0.276,0.453,0.286,0.721,0.615
4,guardian,0.7211538461538461,0.6634615384615384,-0.429,-0.25,0.167,0.181,0.24,0.2,0,0,-0.131,-0.0345,0.414,0.241,0.16,0.173,0.231,0.192,0.5,0.35,0.414,0.241,0.453,0.285,0.721,0.663
4,traveltime,0.7211538461538461,0.6538461538461539,-0.169,-0.221,0.188,0.143,0.145,0.156,2.302,2.407,0.009499999999999995,-0.03900000000000001,0.414,0.31,0.16,0.213,0.231,0.24,0.5,0.36,0.414,0.31,0.453,0.333,0.721,0.654
4,studytime,0.7211538461538461,0.6346153846153846,0.225,-0.092,0.19,0.27,0.065,0.217,1.368,4.69,0.20750000000000002,0.08900000000000001,0.414,0.276,0.16,0.227,0.231,0.24,0.5,0.32,0.414,0.276,0.453,0.296,0.721,0.635
4,schoolsup,0.7211538461538461,0.6442307692307693,-0.429,-0.321,0.176,-0.065,0.25,0.0,0,1.0,-0.1265,-0.193,0.414,0.31,0.16,0.227,0.231,0.25,0.5,0.346,0.414,0.31,0.453,0.327,0.721,0.644
4,famsup,0.7211538461538461,0.6153846153846154,-0.137,0.181,0.043,0.071,0.046,0.01,1.232,0.964,-0.04700000000000001,0.126,0.414,0.31,0.16,0.267,0.231,0.279,0.5,0.31,0.414,0.31,0.453,0.31,0.721,0.615
4,paid,0.7211538461538461,0.6153846153846154,-0.429,-0.357,0.167,-0.056,0.24,0.05,0,1.2,-0.131,-0.2065,0.414,0.345,0.16,0.28,0.231,0.298,0.5,0.323,0.414,0.345,0.453,0.334,0.721,0.615
4,activities,0.7211538461538461,0.6057692307692307,0.137,0.304,-0.057,0.06,0.113,0.048,0.612,0.857,0.04000000000000001,0.182,0.414,0.345,0.16,0.293,0.231,0.308,0.5,0.312,0.414,0.345,0.453,0.328,0.721,0.606
4,nursery,0.7211538461538461,0.5673076923076923,0.467,0.267,0.197,0.267,0.025,0.125,1.118,1.475,0.332,0.267,0.414,0.379,0.16,0.36,0.231,0.365,0.5,0.289,0.414,0.379,0.453,0.328,0.721,0.567
4,higher,0.7211538461538461,0.5480769230769231,-0.429,0.357,0.211,0.211,0.282,0.208,0,1.565,-0.109,0.284,0.414,0.655,0.16,0.493,0.231,0.538,0.5,0.339,0.414,0.655,0.453,0.447,0.721,0.548
4,internet,0.7211538461538461,0.5673076923076923,-0.374,0.096,0.218,-0.016,0.267,0.031,4.742,0.948,-0.078,0.04,0.414,0.759,0.16,0.507,0.231,0.577,0.5,0.367,0.414,0.759,0.453,0.495,0.721,0.567
4,romantic,0.7211538461538461,0.5961538461538461,0.005,-0.005,0.141,0.125,0.091,0.084,1.518,1.211,0.073,0.06,0.414,0.586,0.16,0.4,0.231,0.452,0.5,0.362,0.414,0.586,0.453,0.448,0.721,0.596
4,famrel,0.7211538461538461,0.5769230769230769,-0.09,-0.321,-0.01,0.096,0.062,0.162,1.332,1.438,-0.049999999999999996,-0.1125,0.414,0.621,0.16,0.44,0.231,0.49,0.5,0.353,0.414,0.621,0.453,0.45,0.721,0.577
4,freetime,0.7211538461538461,0.5961538461538461,-0.399,0.006,0.218,0.144,0.297,0.143,5.552,1.366,-0.09050000000000001,0.075,0.414,0.621,0.16,0.413,0.231,0.471,0.5,0.367,0.414,0.621,0.453,0.461,0.721,0.596
4,goout,0.7211538461538461,0.6153846153846154,-0.021,0.326,0.139,0.218,0.133,0.097,1.852,1.256,0.059000000000000004,0.272,0.414,0.586,0.16,0.373,0.231,0.433,0.5,0.378,0.414,0.586,0.453,0.46,0.721,0.615
4,Walc,0.7211538461538461,0.5865384615384616,-0.462,0.654,0.137,0.164,0.229,0.04,5.819,1.12,-0.1625,0.40900000000000003,0.414,0.414,0.16,0.347,0.231,0.365,0.5,0.316,0.414,0.414,0.453,0.358,0.721,0.587
4,health,0.7211538461538461,0.5769230769230769,0.332,-0.053,-0.201,-0.002,0.243,0.014,0.295,1.039,0.0655,-0.0275,0.414,0.414,0.16,0.36,0.231,0.375,0.5,0.308,0.414,0.414,0.453,0.353,0.721,0.577
4,absences,0.7211538461538461,0.5865384615384616,-0.429,0.556,0.184,0.048,0.271,0.029,0,0.933,-0.1225,0.30200000000000005,0.414,0.483,0.16,0.373,0.231,0.404,0.5,0.333,0.414,0.483,0.453,0.394,0.721,0.587
5,sex,0.7596153846153846,0.6730769230769231,-0.126,-0.116,0.15,0.013,0.18,0.05,2.379,1.289,0.011999999999999997,-0.051500000000000004,0.483,0.276,0.133,0.173,0.231,0.202,0.583,0.381,0.483,0.276,0.528,0.32,0.76,0.673
5,age,0.7596153846153846,0.7115384615384616,-0.429,0.101,0.08,0.24,0.205,0.139,0,1.695,-0.1745,0.17049999999999998,0.483,0.483,0.133,0.2,0.231,0.279,0.583,0.483,0.483,0.483,0.528,0.483,0.76,0.712
5,Pstatus,0.7596153846153846,0.6538461538461539,-0.583,-0.292,-0.139,-0.175,0.065,0.04,1.368,0.83,-0.361,-0.23349999999999999,0.483,0.241,0.133,0.187,0.231,0.202,0.583,0.333,0.483,0.241,0.528,0.28,0.76,0.654
5,Medu,0.7596153846153846,0.6442307692307693,-0.381,0.324,0.197,-0.051,0.292,0.14,3.585,0.581,-0.092,0.1365,0.483,0.31,0.133,0.227,0.231,0.25,0.583,0.346,0.483,0.31,0.528,0.327,0.76,0.644
5,Fjob,0.7596153846153846,0.6153846153846154,-0.178,-0.284,0.035,0.069,0.05,0.128,1.25,1.641,-0.0715,-0.10749999999999998,0.483,0.31,0.133,0.267,0.231,0.279,0.583,0.31,0.483,0.31,0.528,0.31,0.76,0.615
5,reason,0.7596153846153846,0.625,0.101,-0.067,-0.227,-0.114,0.239,0.066,0.393,0.803,-0.063,-0.0905,0.483,0.345,0.133,0.267,0.231,0.288,0.583,0.333,0.483,0.345,0.528,0.339,0.76,0.625
5,guardian,0.7596153846153846,0.6346153846153846,-0.5,-0.393,0.147,0.294,0.25,0.323,0,0,-0.1765,-0.049500000000000016,0.483,0.379,0.133,0.267,0.231,0.298,0.583,0.355,0.483,0.379,0.528,0.367,0.76,0.635
5,traveltime,0.7596153846153846,0.5961538461538461,-0.583,-0.217,0.068,-0.078,0.212,0.004,4.814,1.012,-0.25749999999999995,-0.1475,0.483,0.379,0.133,0.32,0.231,0.337,0.583,0.314,0.483,0.379,0.528,0.343,0.76,0.596
5,studytime,0.7596153846153846,0.6346153846153846,0.196,-0.179,0.141,0.282,0.21,0.149,0.496,1.891,0.16849999999999998,0.05149999999999999,0.483,0.379,0.133,0.267,0.231,0.298,0.583,0.355,0.483,0.379,0.528,0.367,0.76,0.635
5,schoolsup,0.7596153846153846,0.6730769230769231,-0.538,-0.09,0.137,-0.281,0.242,0.127,0,0.682,-0.2005,-0.1855,0.483,0.414,0.133,0.227,0.231,0.279,0.583,0.414,0.483,0.414,0.528,0.414,0.76,0.673
5,famsup,0.7596153846153846,0.6442307692307693,0.105,-0.305,-0.048,0.015,0.093,0.084,0.671,1.322,0.028499999999999998,-0.145,0.483,0.414,0.133,0.267,0.231,0.308,0.583,0.375,0.483,0.414,0.528,0.394,0.76,0.644
5,paid,0.7596153846153846,0.625,0.019,0.093,0.145,-0.225,0.115,0.188,1.917,0.625,0.08199999999999999,-0.066,0.483,0.414,0.133,0.293,0.231,0.327,0.583,0.353,0.483,0.414,0.528,0.381,0.76,0.625
5,activities,0.7596153846153846,0.6346153846153846,0.232,-0.312,0.022,0.013,0.041,0.097,1.2,1.38,0.127,-0.1495,0.483,0.414,0.133,0.28,0.231,0.317,0.583,0.364,0.483,0.414,0.528,0.387,0.76,0.635
5,nursery,0.7596153846153846,0.625,-0.321,-0.494,0.06,-0.016,0.1,0.143,1.667,1.571,-0.1305,-0.255,0.483,0.483,0.133,0.32,0.231,0.365,0.583,0.368,0.483,0.483,0.528,0.418,0.76,0.625
5,higher,0.7596153846153846,0.6538461538461539,-0.5,-0.607,0.172,0.338,0.279,0.41,0,8.372,-0.164,-0.13449999999999998,0.483,0.586,0.133,0.32,0.231,0.394,0.583,0.415,0.483,0.586,0.528,0.486,0.76,0.654
5,internet,0.7596153846153846,0.6057692307692307,-0.609,-0.196,0.062,0.045,0.232,0.117,3.866,1.289,-0.27349999999999997,-0.07550000000000001,0.483,0.655,0.133,0.413,0.231,0.481,0.583,0.38,0.483,0.655,0.528,0.481,0.76,0.606
5,romantic,0.7596153846153846,0.6346153846153846,-0.105,-0.029,0.103,-0.009,0.107,0.003,1.604,1.008,-0.0010000000000000009,-0.019,0.483,0.586,0.133,0.347,0.231,0.413,0.583,0.395,0.483,0.586,0.528,0.472,0.76,0.635
5,famrel,0.7596153846153846,0.6442307692307693,-0.188,-0.109,0.09,0.026,0.12,0.051,1.878,1.14,-0.049,-0.0415,0.483,0.586,0.133,0.333,0.231,0.404,0.583,0.405,0.483,0.586,0.528,0.479,0.76,0.644
5,freetime,0.7596153846153846,0.6538461538461539,-0.26,0.123,0.069,0.145,0.164,0.128,2.28,1.385,-0.0955,0.134,0.483,0.621,0.133,0.333,0.231,0.413,0.583,0.419,0.483,0.621,0.528,0.5,0.76,0.654
5,goout,0.7596153846153846,0.6442307692307693,0.026,-0.079,0.111,0.033,0.091,0.056,1.518,1.161,0.0685,-0.023,0.483,0.552,0.133,0.32,0.231,0.385,0.583,0.4,0.483,0.552,0.528,0.464,0.76,0.644
5,Walc,0.7596153846153846,0.6442307692307693,-0.538,-0.5,0.02,0.058,0.162,0.157,2.619,1.786,-0.259,-0.221,0.483,0.448,0.133,0.28,0.231,0.327,0.583,0.382,0.483,0.448,0.528,0.412,0.76,0.644
5,health,0.7596153846153846,0.6538461538461539,-0.045,-0.359,-0.158,-0.114,0.092,0.022,0.677,1.058,-0.1015,-0.2365,0.483,0.586,0.133,0.32,0.231,0.394,0.583,0.415,0.483,0.586,0.528,0.486,0.76,0.654
5,absences,0.7596153846153846,0.6346153846153846,-0.5,0.481,0.139,0.0,0.268,0.021,0,0.949,-0.1805,0.2405,0.483,0.552,0.133,0.333,0.231,0.394,0.583,0.39,0.483,0.552,0.528,0.457,0.76,0.635
6,sex,0.7692307692307693,0.7403846153846154,-0.114,0.108,-0.017,-0.054,0.057,0.137,0.857,0.589,-0.0655,0.027,0.684,0.5,0.182,0.121,0.365,0.26,0.684,0.704,0.684,0.5,0.684,0.585,0.769,0.74
6,age,0.7692307692307693,0.6826923076923077,-0.68,0.427,-0.157,-0.121,0.056,0.239,1.169,0.523,-0.41850000000000004,0.153,0.684,0.474,0.182,0.197,0.365,0.298,0.684,0.581,0.684,0.474,0.684,0.522,0.769,0.683
6,Pstatus,0.7692307692307693,0.6538461538461539,0.364,-0.024,0.065,0.099,0.11,0.066,0.762,1.286,0.2145,0.037500000000000006,0.684,0.421,0.182,0.212,0.365,0.288,0.684,0.533,0.684,0.421,0.684,0.47,0.769,0.654
6,Medu,0.7692307692307693,0.5865384615384616,-0.327,0.067,0.028,-0.111,0.249,0.067,2.246,0.803,-0.1495,-0.022,0.684,0.342,0.182,0.273,0.365,0.298,0.684,0.419,0.684,0.342,0.684,0.377,0.769,0.587
6,Fjob,0.7692307692307693,0.6730769230769231,0.114,0.08,0.189,0.104,0.007,0.007,1.018,0.983,0.1515,0.092,0.684,0.579,0.182,0.273,0.365,0.385,0.684,0.55,0.684,0.579,0.684,0.564,0.769,0.673
6,reason,0.7692307692307693,0.6826923076923077,-0.033,0.272,-0.136,-0.159,0.138,0.244,0.694,0.536,-0.0845,0.05650000000000001,0.684,0.579,0.182,0.258,0.365,0.375,0.684,0.564,0.684,0.579,0.684,0.571,0.769,0.683
6,guardian,0.7692307692307693,0.6634615384615384,0.324,-0.568,0.188,0.281,0.033,0.386,1.099,0,0.256,-0.14349999999999996,0.684,0.553,0.182,0.273,0.365,0.375,0.684,0.538,0.684,0.553,0.684,0.545,0.769,0.663
6,traveltime,0.7692307692307693,0.6634615384615384,-0.194,-0.083,0.017,0.133,0.125,0.156,1.5,1.625,-0.0885,0.025,0.684,0.579,0.182,0.288,0.365,0.394,0.684,0.537,0.684,0.579,0.684,0.557,0.769,0.663
6,studytime,0.7692307692307693,0.6923076923076923,0.157,0.129,-0.348,0.033,0.312,0.064,0.487,0.852,-0.09549999999999999,0.081,0.684,0.605,0.182,0.258,0.365,0.385,0.684,0.575,0.684,0.605,0.684,0.59,0.769,0.692
6,schoolsup,0.7692307692307693,0.5673076923076923,-0.703,-0.568,0.286,-0.119,0.481,0.012,0,0.976,-0.2085,-0.34349999999999997,0.684,0.553,0.182,0.424,0.365,0.471,0.684,0.429,0.684,0.553,0.684,0.483,0.769,0.567
6,famsup,0.7692307692307693,0.625,0.096,-0.115,-0.158,0.046,0.104,0.084,0.759,1.223,-0.031,-0.0345,0.684,0.579,0.182,0.348,0.365,0.433,0.684,0.489,0.684,0.579,0.684,0.53,0.769,0.625
6,paid,0.7692307692307693,0.6057692307692307,-0.534,0.068,0.155,-0.202,0.269,0.166,2.344,0.745,-0.1895,-0.067,0.684,0.711,0.182,0.455,0.365,0.548,0.684,0.474,0.684,0.711,0.684,0.569,0.769,0.606
6,activities,0.7692307692307693,0.6538461538461539,0.033,-0.139,0.022,0.017,0.004,0.06,1.01,1.134,0.0275,-0.061000000000000006,0.684,0.684,0.182,0.364,0.365,0.481,0.684,0.52,0.684,0.684,0.684,0.591,0.769,0.654
6,nursery,0.7692307692307693,0.5961538461538461,-0.019,-0.048,-0.151,0.078,0.019,0.133,1.054,1.296,-0.08499999999999999,0.015,0.684,0.711,0.182,0.47,0.365,0.558,0.684,0.466,0.684,0.711,0.684,0.563,0.769,0.596
6,higher,0.7692307692307693,0.6923076923076923,-0.684,-0.816,0.185,0.385,0.369,0.544,0,0,-0.24950000000000003,-0.21549999999999997,0.684,0.816,0.182,0.379,0.365,0.538,0.684,0.554,0.684,0.816,0.684,0.66,0.769,0.692
6,internet,0.7692307692307693,0.625,-0.558,-0.158,0.218,-0.127,0.358,0.017,6.727,0.97,-0.17000000000000004,-0.14250000000000002,0.684,0.737,0.182,0.439,0.365,0.548,0.684,0.491,0.684,0.737,0.684,0.589,0.769,0.625
6,romantic,0.7692307692307693,0.6442307692307693,0.133,0.333,0.063,0.078,0.081,0.012,1.27,1.024,0.098,0.20550000000000002,0.684,0.711,0.182,0.394,0.365,0.51,0.684,0.509,0.684,0.711,0.684,0.593,0.769,0.644
6,famrel,0.7692307692307693,0.6634615384615384,-0.021,-0.177,-0.04,-0.217,0.06,0.043,1.187,0.928,-0.0305,-0.197,0.684,0.816,0.182,0.424,0.365,0.567,0.684,0.525,0.684,0.816,0.684,0.639,0.769,0.663
6,freetime,0.7692307692307693,0.6634615384615384,0.114,0.131,0.028,-0.1,0.007,0.1,0.98,0.824,0.07100000000000001,0.0155,0.684,0.737,0.182,0.379,0.365,0.51,0.684,0.528,0.684,0.737,0.684,0.615,0.769,0.663
6,goout,0.7692307692307693,0.6538461538461539,0.177,0.042,0.057,0.0,0.093,0.047,1.315,1.116,0.11699999999999999,0.021,0.684,0.632,0.182,0.333,0.365,0.442,0.684,0.522,0.684,0.632,0.684,0.572,0.769,0.654
6,Walc,0.7692307692307693,0.7211538461538461,0.074,-0.147,0.149,0.035,0.189,0.137,1.9,1.52,0.11149999999999999,-0.055999999999999994,0.684,0.632,0.182,0.227,0.365,0.375,0.684,0.615,0.684,0.632,0.684,0.623,0.769,0.721
6,health,0.7692307692307693,0.6730769230769231,0.389,-0.139,-0.291,-0.144,0.343,0.051,0.381,0.896,0.049000000000000016,-0.14150000000000001,0.684,0.684,0.182,0.333,0.365,0.462,0.684,0.542,0.684,0.684,0.684,0.605,0.769,0.673
6,absences,0.7692307692307693,0.6442307692307693,-0.737,0.361,0.323,-0.327,0.48,0.253,0,0.635,-0.207,0.016999999999999987,0.684,0.658,0.182,0.364,0.365,0.471,0.684,0.51,0.684,0.658,0.684,0.575,0.769,0.644
7,sex,0.7403846153846154,0.7019230769230769,-0.06,-0.107,0.23,-0.175,0.134,0.056,1.586,0.825,0.085,-0.141,0.545,0.485,0.169,0.197,0.288,0.288,0.6,0.533,0.545,0.485,0.571,0.508,0.74,0.702
7,age,0.7403846153846154,0.6634615384615384,-0.714,-0.333,0.28,0.197,0.436,0.242,0,0,-0.21699999999999997,-0.068,0.545,0.333,0.169,0.183,0.288,0.231,0.6,0.458,0.545,0.333,0.571,0.386,0.74,0.663
7,Pstatus,0.7403846153846154,0.6826923076923077,0.484,0.113,-0.362,-0.164,0.365,0.135,0.417,0.639,0.061,-0.025500000000000002,0.545,0.394,0.169,0.183,0.288,0.25,0.6,0.5,0.545,0.394,0.571,0.441,0.74,0.683
7,Medu,0.7403846153846154,0.6442307692307693,-0.595,-0.179,0.3,0.228,0.413,0.221,9.869,2.585,-0.1475,0.024500000000000008,0.545,0.364,0.169,0.225,0.288,0.269,0.6,0.429,0.545,0.364,0.571,0.394,0.74,0.644
7,Fjob,0.7403846153846154,0.6538461538461539,0.19,0.107,-0.059,-0.078,0.111,0.093,0.692,0.776,0.0655,0.014499999999999999,0.545,0.515,0.169,0.282,0.288,0.356,0.6,0.459,0.545,0.515,0.571,0.485,0.74,0.654
7,reason,0.7403846153846154,0.6634615384615384,0.115,0.242,0.015,-0.262,0.08,0.285,0.768,0.494,0.065,-0.010000000000000009,0.545,0.545,0.169,0.282,0.288,0.365,0.6,0.474,0.545,0.545,0.571,0.507,0.74,0.663
7,guardian,0.7403846153846154,0.6538461538461539,-0.545,-0.515,0.176,-0.402,0.297,0.32,0,0.52,-0.18450000000000003,-0.4585,0.545,0.515,0.169,0.282,0.288,0.356,0.6,0.459,0.545,0.515,0.571,0.485,0.74,0.654
7,traveltime,0.7403846153846154,0.6634615384615384,-0.581,-0.581,0.19,0.317,0.319,0.404,0,0,-0.19549999999999998,-0.13199999999999998,0.545,0.545,0.169,0.282,0.288,0.365,0.6,0.474,0.545,0.545,0.571,0.507,0.74,0.663
7,studytime,0.7403846153846154,0.6826923076923077,0.214,0.033,-0.445,-0.238,0.39,0.186,0.362,0.628,-0.1155,-0.1025,0.545,0.545,0.169,0.254,0.288,0.346,0.6,0.5,0.545,0.545,0.571,0.522,0.74,0.683
7,schoolsup,0.7403846153846154,0.5961538461538461,-0.581,-0.548,-0.145,-0.523,0.045,0.324,1.182,0.529,-0.363,-0.5355000000000001,0.545,0.515,0.169,0.366,0.288,0.413,0.6,0.395,0.545,0.515,0.571,0.447,0.74,0.596
7,famsup,0.7403846153846154,0.6538461538461539,-0.088,-0.088,0.057,0.18,0.01,0.108,1.036,1.35,-0.015499999999999996,0.046,0.545,0.545,0.169,0.296,0.288,0.375,0.6,0.462,0.545,0.545,0.571,0.5,0.74,0.654
7,paid,0.7403846153846154,0.6057692307692307,-0.273,-0.045,0.085,-0.31,0.154,0.194,1.814,0.657,-0.094,-0.1775,0.545,0.576,0.169,0.38,0.288,0.442,0.6,0.413,0.545,0.576,0.571,0.481,0.74,0.606
7,activities,0.7403846153846154,0.6057692307692307,-0.105,-0.06,0.005,0.046,0.056,0.087,0.821,1.234,-0.049999999999999996,-0.006999999999999999,0.545,0.545,0.169,0.366,0.288,0.423,0.6,0.409,0.545,0.545,0.571,0.467,0.74,0.606
7,nursery,0.7403846153846154,0.6057692307692307,0.064,-0.007,0.207,0.294,0.147,0.222,1.884,1.8,0.1355,0.1435,0.545,0.606,0.169,0.394,0.288,0.462,0.6,0.417,0.545,0.606,0.571,0.494,0.74,0.606
7,higher,0.7403846153846154,0.5961538461538461,-0.545,-0.606,0.194,0.341,0.316,0.394,0,4.547,-0.17550000000000002,-0.13249999999999998,0.545,0.606,0.169,0.408,0.288,0.471,0.6,0.408,0.545,0.606,0.571,0.488,0.74,0.596
7,internet,0.7403846153846154,0.5961538461538461,-0.407,-0.314,0.13,0.131,0.233,0.198,3.333,1.565,-0.13849999999999998,-0.0915,0.545,0.667,0.169,0.437,0.288,0.51,0.6,0.415,0.545,0.667,0.571,0.512,0.74,0.596
7,romantic,0.7403846153846154,0.6346153846153846,-0.06,-0.22,0.053,-0.173,0.112,0.024,1.519,0.951,-0.0034999999999999996,-0.1965,0.545,0.667,0.169,0.38,0.288,0.471,0.6,0.449,0.545,0.667,0.571,0.537,0.74,0.635
7,famrel,0.7403846153846154,0.625,-0.352,-0.383,-0.087,-0.023,0.039,0.099,1.152,1.243,-0.21949999999999997,-0.203,0.545,0.667,0.169,0.394,0.288,0.481,0.6,0.44,0.545,0.667,0.571,0.53,0.74,0.625
7,freetime,0.7403846153846154,0.6153846153846154,0.088,0.386,0.261,0.3,0.084,0.031,1.355,1.07,0.1745,0.34299999999999997,0.545,0.636,0.169,0.394,0.288,0.471,0.6,0.429,0.545,0.636,0.571,0.512,0.74,0.615
7,goout,0.7403846153846154,0.6057692307692307,-0.202,-0.071,0.308,0.268,0.303,0.221,3.667,1.749,0.05299999999999999,0.0985,0.545,0.545,0.169,0.366,0.288,0.423,0.6,0.409,0.545,0.545,0.571,0.467,0.74,0.606
7,Walc,0.7403846153846154,0.6346153846153846,-0.621,-0.586,0.159,0.136,0.315,0.258,8.235,2.485,-0.23099999999999998,-0.22499999999999998,0.545,0.515,0.169,0.31,0.288,0.375,0.6,0.436,0.545,0.515,0.571,0.472,0.74,0.635
7,health,0.7403846153846154,0.6153846153846154,0.115,0.115,-0.146,-0.089,0.141,0.1,0.625,0.789,-0.015499999999999993,0.013000000000000005,0.545,0.545,0.169,0.352,0.288,0.413,0.6,0.419,0.545,0.545,0.571,0.474,0.74,0.615
7,absences,0.7403846153846154,0.625,-0.75,-0.594,0.205,-0.308,0.333,0.145,0,0.739,-0.2725,-0.45099999999999996,0.545,0.576,0.169,0.352,0.288,0.423,0.6,0.432,0.545,0.576,0.571,0.494,0.74,0.625
8,sex,0.6923076923076923,0.6826923076923077,-0.267,-0.133,0.096,0.016,0.143,0.048,1.662,1.203,-0.0855,-0.0585,0.467,0.4,0.216,0.203,0.288,0.26,0.467,0.444,0.467,0.4,0.467,0.421,0.692,0.683
8,age,0.6923076923076923,0.6442307692307693,-0.125,-0.333,-0.326,-0.286,0.339,0.25,0.323,0.5,-0.2255,-0.3095,0.467,0.333,0.216,0.23,0.288,0.26,0.467,0.37,0.467,0.333,0.467,0.351,0.692,0.644
8,Pstatus,0.6923076923076923,0.6442307692307693,-0.148,-0.074,-0.178,-0.133,0.084,0.073,0.769,0.798,-0.16299999999999998,-0.10350000000000001,0.467,0.4,0.216,0.257,0.288,0.298,0.467,0.387,0.467,0.4,0.467,0.393,0.692,0.644
8,Medu,0.6923076923076923,0.625,-0.464,0.009,0.27,0.108,0.319,0.08,3.415,1.215,-0.097,0.058499999999999996,0.467,0.567,0.216,0.351,0.288,0.413,0.467,0.395,0.467,0.567,0.467,0.466,0.692,0.625
8,Fjob,0.6923076923076923,0.6153846153846154,0.2,0.6,0.061,-0.141,0.021,0.28,0.93,0.514,0.1305,0.22949999999999998,0.467,0.5,0.216,0.338,0.288,0.385,0.467,0.375,0.467,0.5,0.467,0.429,0.692,0.615
8,reason,0.6923076923076923,0.6346153846153846,-0.009,0.086,-0.072,-0.029,0.052,0.048,0.838,0.888,-0.040499999999999994,0.028499999999999998,0.467,0.567,0.216,0.338,0.288,0.404,0.467,0.405,0.467,0.567,0.467,0.473,0.692,0.635
8,guardian,0.6923076923076923,0.6153846153846154,-0.467,-0.5,0.017,0.148,0.093,0.194,1.465,1.97,-0.225,-0.176,0.467,0.5,0.216,0.338,0.288,0.385,0.467,0.375,0.467,0.5,0.467,0.429,0.692,0.615
8,traveltime,0.6923076923076923,0.5480769230769231,-0.483,-0.517,0.229,0.457,0.303,0.475,0,0,-0.127,-0.03,0.467,0.5,0.216,0.432,0.288,0.452,0.467,0.319,0.467,0.5,0.467,0.389,0.692,0.548
8,studytime,0.6923076923076923,0.5769230769230769,-0.08,-0.12,-0.314,-0.094,0.2,0.033,0.556,0.926,-0.197,-0.107,0.467,0.5,0.216,0.392,0.288,0.423,0.467,0.341,0.467,0.5,0.467,0.405,0.692,0.577
8,schoolsup,0.6923076923076923,0.5961538461538461,-0.5,-0.036,0.239,0.102,0.316,0.098,0,1.295,-0.1305,0.033,0.467,0.533,0.216,0.378,0.288,0.423,0.467,0.364,0.467,0.533,0.467,0.433,0.692,0.596
8,famsup,0.6923076923076923,0.5769230769230769,0.205,-0.071,-0.197,-0.047,0.223,0.025,0.459,0.944,0.00399999999999999,-0.059,0.467,0.533,0.216,0.405,0.288,0.442,0.467,0.348,0.467,0.533,0.467,0.421,0.692,0.577
8,paid,0.6923076923076923,0.5384615384615384,-0.398,-0.05,0.144,0.059,0.211,0.058,2.095,1.124,-0.127,0.004499999999999997,0.467,0.567,0.216,0.473,0.288,0.5,0.467,0.327,0.467,0.567,0.467,0.415,0.692,0.538
8,activities,0.6923076923076923,0.5384615384615384,0.205,-0.196,-0.193,0.167,0.198,0.176,0.481,1.454,0.0059999999999999915,-0.014499999999999999,0.467,0.533,0.216,0.459,0.288,0.481,0.467,0.32,0.467,0.533,0.467,0.4,0.692,0.538
8,nursery,0.6923076923076923,0.5480769230769231,-0.08,-0.24,-0.063,0.141,0.004,0.175,0.986,1.467,-0.07150000000000001,-0.0495,0.467,0.6,0.216,0.473,0.288,0.51,0.467,0.34,0.467,0.6,0.467,0.434,0.692,0.548
8,higher,0.6923076923076923,0.5576923076923077,-0.467,-0.667,0.235,0.167,0.306,0.218,0,1.653,-0.11600000000000002,-0.25,0.467,0.667,0.216,0.486,0.288,0.538,0.467,0.357,0.467,0.667,0.467,0.465,0.692,0.558
8,internet,0.6923076923076923,0.5384615384615384,-0.483,-0.69,0.076,-0.03,0.168,0.067,2.178,1.133,-0.2035,-0.36,0.467,0.667,0.216,0.514,0.288,0.558,0.467,0.345,0.467,0.667,0.467,0.455,0.692,0.538
8,romantic,0.6923076923076923,0.5673076923076923,-0.19,-0.159,-0.022,0.018,0.047,0.065,1.184,1.134,-0.106,-0.07050000000000001,0.467,0.667,0.216,0.473,0.288,0.529,0.467,0.364,0.467,0.667,0.467,0.471,0.692,0.567
8,famrel,0.6923076923076923,0.5673076923076923,-0.236,-0.354,-0.008,0.202,0.064,0.248,1.266,1.688,-0.122,-0.07599999999999998,0.467,0.7,0.216,0.486,0.288,0.548,0.467,0.368,0.467,0.7,0.467,0.482,0.692,0.567
8,freetime,0.6923076923076923,0.5480769230769231,-0.08,-0.08,0.139,0.28,0.176,0.266,2.029,1.717,0.029500000000000005,0.1,0.467,0.667,0.216,0.5,0.288,0.548,0.467,0.351,0.467,0.667,0.467,0.46,0.692,0.548
8,goout,0.6923076923076923,0.5769230769230769,-0.163,0.187,0.252,0.347,0.235,0.204,2.603,1.493,0.0445,0.267,0.467,0.7,0.216,0.473,0.288,0.538,0.467,0.375,0.467,0.7,0.467,0.488,0.692,0.577
8,Walc,0.6923076923076923,0.5865384615384616,-0.236,-0.311,0.308,0.376,0.304,0.372,5.413,2.541,0.036000000000000004,0.0325,0.467,0.667,0.216,0.446,0.288,0.51,0.467,0.377,0.467,0.667,0.467,0.482,0.692,0.587
8,health,0.6923076923076923,0.5769230769230769,0.163,-0.191,-0.162,0.0,0.188,0.074,0.5,1.155,0.0005000000000000004,-0.0955,0.467,0.667,0.216,0.459,0.288,0.519,0.467,0.37,0.467,0.667,0.467,0.476,0.692,0.577
8,absences,0.6923076923076923,0.5480769230769231,-0.455,0.407,0.286,0.173,0.344,0.098,0,1.217,-0.08450000000000002,0.29,0.467,0.633,0.216,0.486,0.288,0.529,0.467,0.345,0.467,0.633,0.467,0.447,0.692,0.548
9,sex,0.6153846153846154,0.6923076923076923,-0.357,-0.27,0.114,0.017,0.202,0.119,2.533,1.645,-0.1215,-0.1265,0.324,0.432,0.224,0.164,0.26,0.26,0.444,0.593,0.324,0.432,0.375,0.5,0.615,0.692
9,age,0.6153846153846154,0.6826923076923077,-0.467,-0.486,0.246,0.2,0.309,0.3,6.872,0,-0.11050000000000001,-0.143,0.324,0.459,0.224,0.194,0.26,0.288,0.444,0.567,0.324,0.459,0.375,0.507,0.615,0.683
9,Pstatus,0.6153846153846154,0.6826923076923077,-0.364,-0.606,-0.406,-0.174,0.081,0.136,0.758,1.611,-0.385,-0.39,0.324,0.541,0.224,0.239,0.26,0.346,0.444,0.556,0.324,0.541,0.375,0.548,0.615,0.683
9,Medu,0.6153846153846154,0.5961538461538461,-0.224,0.248,0.138,-0.166,0.174,0.111,2.095,0.768,-0.043,0.040999999999999995,0.324,0.514,0.224,0.358,0.26,0.413,0.444,0.442,0.324,0.514,0.375,0.475,0.615,0.596
9,Fjob,0.6153846153846154,0.5961538461538461,0.053,0.121,-0.059,-0.032,0.055,0.059,0.813,0.879,-0.002999999999999999,0.0445,0.324,0.568,0.224,0.388,0.26,0.452,0.444,0.447,0.324,0.568,0.375,0.5,0.615,0.596
9,reason,0.6153846153846154,0.5865384615384616,0.283,0.264,0.23,0.136,0.014,0.045,1.056,0.915,0.2565,0.2,0.324,0.622,0.224,0.433,0.26,0.5,0.444,0.442,0.324,0.622,0.375,0.517,0.615,0.587
9,guardian,0.6153846153846154,0.6442307692307693,-0.387,-0.242,0.212,0.181,0.272,0.231,6.976,1.725,-0.08750000000000001,-0.0305,0.324,0.703,0.224,0.388,0.26,0.5,0.444,0.5,0.324,0.703,0.375,0.584,0.615,0.644
9,traveltime,0.6153846153846154,0.6346153846153846,-0.343,-0.657,0.259,0.157,0.29,0.302,0,2.661,-0.04200000000000001,-0.25,0.324,0.622,0.224,0.358,0.26,0.452,0.444,0.489,0.324,0.622,0.375,0.548,0.615,0.635
9,studytime,0.6153846153846154,0.6346153846153846,0.351,0.277,-0.055,0.013,0.198,0.188,0.492,0.662,0.148,0.14500000000000002,0.324,0.595,0.224,0.343,0.26,0.433,0.444,0.489,0.324,0.595,0.375,0.537,0.615,0.635
9,schoolsup,0.6153846153846154,0.6538461538461539,-0.324,-0.622,0.227,0.333,0.262,0.437,0,0,-0.0485,-0.1445,0.324,0.622,0.224,0.328,0.26,0.433,0.444,0.511,0.324,0.622,0.375,0.561,0.615,0.654
9,famsup,0.6153846153846154,0.5961538461538461,-0.056,-0.162,-0.064,-0.007,0.021,0.054,0.923,1.107,-0.06,-0.0845,0.324,0.676,0.224,0.448,0.26,0.529,0.444,0.455,0.324,0.676,0.375,0.544,0.615,0.596
9,paid,0.6153846153846154,0.5769230769230769,0.126,0.363,0.164,-0.255,0.057,0.301,1.247,0.588,0.14500000000000002,0.05399999999999999,0.324,0.703,0.224,0.493,0.26,0.567,0.444,0.441,0.324,0.703,0.375,0.542,0.615,0.577
9,activities,0.6153846153846154,0.5961538461538461,-0.17,-0.104,-0.077,-0.155,0.016,0.034,1.062,0.937,-0.1235,-0.1295,0.324,0.676,0.224,0.448,0.26,0.529,0.444,0.455,0.324,0.676,0.375,0.544,0.615,0.596
9,nursery,0.6153846153846154,0.5865384615384616,-0.282,-0.306,0.13,0.279,0.184,0.288,2.532,1.899,-0.07599999999999998,-0.013499999999999984,0.324,0.676,0.224,0.463,0.26,0.538,0.444,0.446,0.324,0.676,0.375,0.537,0.615,0.587
9,higher,0.6153846153846154,0.5769230769230769,-0.333,-0.611,0.234,0.104,0.27,0.25,0,2.0,-0.0495,-0.2535,0.324,0.595,0.224,0.433,0.26,0.49,0.444,0.431,0.324,0.595,0.375,0.5,0.615,0.577
9,internet,0.6153846153846154,0.5192307692307693,-0.083,-0.386,0.221,-0.088,0.206,0.03,3.163,1.058,0.069,-0.237,0.324,0.595,0.224,0.522,0.26,0.548,0.444,0.386,0.324,0.595,0.375,0.468,0.615,0.519
9,romantic,0.6153846153846154,0.5288461538461539,-0.165,-0.229,0.139,-0.049,0.144,0.048,1.811,1.094,-0.012999999999999998,-0.139,0.324,0.595,0.224,0.507,0.26,0.538,0.444,0.393,0.324,0.595,0.375,0.473,0.615,0.529
9,famrel,0.6153846153846154,0.5384615384615384,-0.135,-0.198,0.182,-0.057,0.156,0.037,2.146,1.073,0.023499999999999993,-0.1275,0.324,0.595,0.224,0.493,0.26,0.529,0.444,0.4,0.324,0.595,0.375,0.478,0.615,0.538
9,freetime,0.6153846153846154,0.5865384615384616,-0.382,-0.179,0.139,-0.044,0.223,0.03,2.669,1.068,-0.1215,-0.11149999999999999,0.324,0.568,0.224,0.403,0.26,0.462,0.444,0.438,0.324,0.568,0.375,0.495,0.615,0.587
9,goout,0.6153846153846154,0.6153846153846154,-0.17,-0.404,0.089,-0.068,0.124,0.103,1.7,1.27,-0.04050000000000001,-0.23600000000000002,0.324,0.595,0.224,0.373,0.26,0.452,0.444,0.468,0.324,0.595,0.375,0.524,0.615,0.615
9,Walc,0.6153846153846154,0.6538461538461539,-0.375,-0.425,0.09,-0.145,0.199,0.069,3.391,1.207,-0.14250000000000002,-0.285,0.324,0.568,0.224,0.299,0.26,0.394,0.444,0.512,0.324,0.568,0.375,0.539,0.615,0.654
9,health,0.6153846153846154,0.625,0.342,0.237,-0.07,-0.123,0.163,0.172,0.52,0.687,0.136,0.056999999999999995,0.324,0.622,0.224,0.373,0.26,0.462,0.444,0.479,0.324,0.622,0.375,0.541,0.615,0.625
9,absences,0.6153846153846154,0.6634615384615384,-0.471,0.22,0.364,-0.402,0.4,0.359,0,0.538,-0.05349999999999999,-0.09100000000000001,0.324,0.703,0.224,0.358,0.26,0.481,0.444,0.52,0.324,0.703,0.375,0.598,0.615,0.663
