Fold,Feature,Droped_Attrib,acc_,acc_after,TPR_diff,TPR_diff_after,FPR_diff,FPR_diff_after,SPD,SPD_after,DIR,DIR_after,AOD,AOD_after,TPR,TPR_after,FPR,FPR_after,SP,SP_after,Pre,Pre_after,Re,Re_after,F1,F1_after,ACC,ACC_after
0,sex,None,0.5914127423822715,0.5554016620498615,0.33,-0.007,-0.416,0.149,0.38,0.036,0.585,1.074,-0.04299999999999998,0.071,0.682,0.571,0.518,0.463,0.608,0.522,0.615,0.599,0.682,0.571,0.647,0.585,0.591,0.555
0,age,None,0.5914127423822715,0.574792243767313,0.143,-0.205,0.5,0.225,0.353,0.195,0.647,1.425,0.3215,0.010000000000000009,0.682,0.669,0.518,0.54,0.608,0.611,0.615,0.601,0.682,0.669,0.647,0.633,0.591,0.575
0,race,None,0.5914127423822715,0.574792243767313,0.233,-0.026,-0.361,0.054,0.293,0.036,0.633,1.074,-0.06399999999999999,0.014,0.682,0.573,0.518,0.423,0.608,0.506,0.615,0.622,0.682,0.573,0.647,0.596,0.591,0.575
0,priors_count,None,0.5914127423822715,0.5761772853185596,0.204,-0.167,-0.269,0.1,0.242,0.127,0.679,1.305,-0.032500000000000015,-0.0335,0.682,0.563,0.518,0.408,0.608,0.493,0.615,0.626,0.682,0.563,0.647,0.593,0.591,0.576
0,c_charge_degree,None,0.5914127423822715,0.5595567867036011,0.357,0.058,-0.474,0.024,0.419,0.037,0.528,0.92,-0.058499999999999996,0.041,0.682,0.497,0.518,0.365,0.608,0.438,0.615,0.623,0.682,0.497,0.647,0.553,0.591,0.56
0,sex,['priors_count'],0.6024930747922438,0.5595567867036011,0.31,0.049,-0.451,0.079,0.383,0.027,0.586,0.946,-0.07050000000000001,0.064,0.697,0.528,0.512,0.402,0.614,0.471,0.623,0.615,0.697,0.528,0.658,0.568,0.602,0.56
0,age,['priors_count'],0.6024930747922438,0.5429362880886427,0.0,-0.249,0.6,0.337,0.235,0.269,0.765,1.808,0.3,0.04400000000000001,0.697,0.581,0.512,0.503,0.614,0.546,0.623,0.584,0.697,0.581,0.658,0.582,0.602,0.543
0,race,['priors_count'],0.6024930747922438,0.5692520775623269,0.22,0.023,-0.343,-0.045,0.278,0.035,0.649,0.936,-0.06150000000000001,-0.011,0.697,0.591,0.512,0.457,0.614,0.53,0.623,0.611,0.697,0.591,0.658,0.601,0.602,0.569
0,c_charge_degree,['priors_count'],0.6024930747922438,0.5554016620498615,0.408,-0.127,-0.437,0.281,0.435,0.177,0.519,1.5,-0.014500000000000013,0.07700000000000001,0.697,0.525,0.512,0.408,0.614,0.472,0.623,0.61,0.697,0.525,0.658,0.564,0.602,0.555
0,sex,['c_charge_degree'],0.6094182825484764,0.5263157894736842,0.327,-0.381,-0.554,0.263,0.431,0.329,0.548,1.98,-0.11350000000000002,-0.059,0.694,0.619,0.494,0.586,0.604,0.604,0.631,0.562,0.694,0.619,0.661,0.589,0.609,0.526
0,age,['c_charge_degree'],0.6094182825484764,0.5650969529085873,0.143,-0.104,0.5,0.214,0.353,0.131,0.647,1.25,0.3215,0.055,0.694,0.674,0.494,0.567,0.604,0.626,0.631,0.591,0.694,0.674,0.661,0.63,0.609,0.565
0,race,['c_charge_degree'],0.6094182825484764,0.5844875346260388,0.268,-0.121,-0.453,0.164,0.354,0.137,0.575,1.31,-0.0925,0.021500000000000005,0.694,0.606,0.494,0.442,0.604,0.532,0.631,0.625,0.694,0.606,0.661,0.615,0.609,0.584
0,priors_count,['c_charge_degree'],0.6094182825484764,0.5581717451523546,0.203,-0.217,-0.202,0.243,0.214,0.22,0.708,1.673,0.0005000000000000004,0.012999999999999998,0.694,0.515,0.494,0.39,0.604,0.458,0.631,0.616,0.694,0.515,0.661,0.561,0.609,0.558
0,sex,['race'],0.5886426592797784,0.5595567867036011,0.295,0.049,-0.421,0.079,0.36,0.027,0.588,0.946,-0.063,0.064,0.654,0.528,0.491,0.402,0.58,0.471,0.618,0.615,0.654,0.528,0.635,0.568,0.589,0.56
0,age,['race'],0.5886426592797784,0.5831024930747922,0.143,-0.125,0.5,0.188,0.353,0.129,0.647,1.247,0.3215,0.0315,0.654,0.689,0.491,0.546,0.58,0.625,0.618,0.605,0.654,0.689,0.635,0.644,0.589,0.583
0,priors_count,['race'],0.5886426592797784,0.5761772853185596,0.242,-0.013,-0.259,-0.119,0.259,0.053,0.648,0.911,-0.008500000000000008,-0.066,0.654,0.629,0.491,0.488,0.58,0.565,0.618,0.61,0.654,0.629,0.635,0.619,0.589,0.576
0,c_charge_degree,['race'],0.5886426592797784,0.5637119113573407,0.369,0.039,-0.497,0.08,0.435,0.006,0.5,0.984,-0.064,0.0595,0.654,0.422,0.491,0.264,0.58,0.35,0.618,0.66,0.654,0.422,0.635,0.515,0.589,0.564
0,sex,['age'],0.5858725761772853,0.5692520775623269,0.253,-0.113,-0.366,0.194,0.308,0.116,0.692,1.255,-0.056499999999999995,0.0405,0.806,0.609,0.681,0.479,0.749,0.55,0.59,0.607,0.806,0.609,0.681,0.608,0.586,0.569
0,race,['age'],0.5858725761772853,0.5526315789473685,0.303,0.021,-0.484,-0.002,0.386,0.015,0.614,0.966,-0.0905,0.009500000000000001,0.806,0.48,0.681,0.359,0.749,0.425,0.59,0.619,0.806,0.48,0.681,0.541,0.586,0.553
0,priors_count,['age'],0.5858725761772853,0.5512465373961218,0.339,-0.164,-0.502,0.002,0.417,0.086,0.583,1.174,-0.08149999999999999,-0.081,0.806,0.591,0.681,0.497,0.749,0.548,0.59,0.591,0.806,0.591,0.681,0.591,0.586,0.551
0,c_charge_degree,['age'],0.5858725761772853,0.53601108033241,0.31,0.088,-0.444,-0.003,0.376,0.06,0.624,0.879,-0.067,0.042499999999999996,0.806,0.492,0.681,0.411,0.749,0.456,0.59,0.593,0.806,0.492,0.681,0.538,0.586,0.536
1,sex,None,0.6301939058171745,0.5983379501385041,0.296,0.018,-0.535,-0.019,0.405,0.046,0.566,0.919,-0.11950000000000002,-0.0005000000000000004,0.709,0.618,0.477,0.428,0.611,0.537,0.669,0.662,0.709,0.618,0.688,0.639,0.63,0.598
1,age,None,0.6301939058171745,0.5692520775623269,0.125,-0.157,0.5,0.169,0.286,0.128,0.714,1.293,0.3125,0.006000000000000005,0.709,0.594,0.477,0.464,0.611,0.539,0.669,0.635,0.709,0.594,0.688,0.614,0.63,0.569
1,race,None,0.6301939058171745,0.5914127423822715,0.261,-0.024,-0.302,-0.005,0.3,0.008,0.631,0.985,-0.02049999999999999,-0.0145,0.709,0.601,0.477,0.422,0.611,0.525,0.669,0.66,0.709,0.601,0.688,0.629,0.63,0.591
1,priors_count,None,0.6301939058171745,0.5969529085872576,0.189,-0.165,-0.219,0.096,0.212,0.127,0.713,1.282,-0.015,-0.0345,0.709,0.608,0.477,0.418,0.611,0.528,0.669,0.664,0.709,0.608,0.688,0.635,0.63,0.597
1,c_charge_degree,None,0.6301939058171745,0.5844875346260388,0.393,0.047,-0.484,-0.079,0.451,0.083,0.494,0.826,-0.045499999999999985,-0.016,0.709,0.51,0.477,0.314,0.611,0.427,0.669,0.688,0.709,0.51,0.688,0.586,0.63,0.584
1,sex,['priors_count'],0.6343490304709142,0.5886426592797784,0.332,0.075,-0.569,-0.061,0.44,0.097,0.541,0.831,-0.11849999999999997,0.006999999999999999,0.712,0.575,0.471,0.392,0.609,0.497,0.673,0.666,0.712,0.575,0.692,0.617,0.634,0.589
1,age,['priors_count'],0.6343490304709142,0.5623268698060941,0.125,-0.288,0.333,0.288,0.357,0.255,0.643,1.744,0.229,0.0,0.712,0.596,0.471,0.484,0.609,0.548,0.673,0.626,0.712,0.596,0.692,0.611,0.634,0.562
1,race,['priors_count'],0.6343490304709142,0.6080332409972299,0.258,0.094,-0.344,-0.08,0.315,0.111,0.617,0.825,-0.04299999999999998,0.006999999999999999,0.712,0.644,0.471,0.441,0.609,0.558,0.673,0.665,0.712,0.644,0.692,0.654,0.634,0.608
1,c_charge_degree,['priors_count'],0.6343490304709142,0.5817174515235457,0.398,-0.096,-0.508,0.127,0.465,0.084,0.482,1.212,-0.05499999999999999,0.0155,0.712,0.524,0.471,0.34,0.609,0.446,0.673,0.677,0.712,0.524,0.692,0.591,0.634,0.582
1,sex,['c_charge_degree'],0.6398891966759003,0.5678670360110804,0.357,0.043,-0.63,-0.038,0.481,0.061,0.496,0.892,-0.1365,0.0024999999999999988,0.683,0.57,0.418,0.435,0.571,0.512,0.689,0.641,0.683,0.57,0.686,0.603,0.64,0.568
1,age,['c_charge_degree'],0.6398891966759003,0.5692520775623269,0.125,-0.148,0.5,0.068,0.286,0.099,0.714,1.186,0.3125,-0.039999999999999994,0.683,0.654,0.418,0.546,0.571,0.608,0.689,0.62,0.683,0.654,0.686,0.637,0.64,0.569
1,race,['c_charge_degree'],0.6398891966759003,0.5803324099722992,0.241,-0.11,-0.331,0.09,0.302,0.083,0.61,1.175,-0.04500000000000001,-0.010000000000000002,0.683,0.596,0.418,0.441,0.571,0.53,0.689,0.648,0.683,0.596,0.686,0.621,0.64,0.58
1,priors_count,['c_charge_degree'],0.6398891966759003,0.592797783933518,0.254,-0.165,-0.213,0.117,0.249,0.135,0.655,1.365,0.020500000000000004,-0.024,0.683,0.538,0.418,0.333,0.571,0.452,0.689,0.687,0.683,0.538,0.686,0.603,0.64,0.593
1,sex,['race'],0.6204986149584487,0.5886426592797784,0.312,0.075,-0.579,-0.061,0.427,0.097,0.549,0.831,-0.13349999999999998,0.006999999999999999,0.697,0.575,0.484,0.392,0.607,0.497,0.662,0.666,0.697,0.575,0.679,0.617,0.62,0.589
1,age,['race'],0.6204986149584487,0.5969529085872576,0.125,0.025,0.5,-0.048,0.286,0.061,0.714,0.918,0.3125,-0.0115,0.697,0.752,0.484,0.614,0.607,0.694,0.662,0.625,0.697,0.752,0.679,0.683,0.62,0.597
1,priors_count,['race'],0.6204986149584487,0.6066481994459834,0.189,-0.025,-0.209,-0.055,0.207,0.017,0.717,0.971,-0.009999999999999995,-0.04,0.697,0.666,0.484,0.474,0.607,0.584,0.662,0.656,0.697,0.666,0.679,0.661,0.62,0.607
1,c_charge_degree,['race'],0.6204986149584487,0.5803324099722992,0.385,-0.197,-0.474,0.245,0.44,0.193,0.5,1.489,-0.044499999999999984,0.023999999999999994,0.697,0.582,0.484,0.422,0.607,0.514,0.662,0.652,0.697,0.582,0.679,0.615,0.62,0.58
1,sex,['age'],0.6024930747922438,0.5678670360110804,0.24,-0.098,-0.36,0.059,0.294,0.068,0.706,1.124,-0.06,-0.019500000000000003,0.82,0.647,0.693,0.539,0.766,0.601,0.617,0.62,0.82,0.647,0.704,0.633,0.602,0.568
1,race,['age'],0.6024930747922438,0.5775623268698061,0.284,-0.091,-0.416,0.072,0.345,0.069,0.655,1.118,-0.066,-0.009500000000000001,0.82,0.683,0.693,0.565,0.766,0.633,0.617,0.621,0.82,0.683,0.704,0.651,0.602,0.578
1,priors_count,['age'],0.6024930747922438,0.5789473684210527,0.307,-0.164,-0.485,0.087,0.386,0.125,0.614,1.255,-0.089,-0.038500000000000006,0.82,0.625,0.693,0.484,0.766,0.565,0.617,0.637,0.82,0.625,0.704,0.631,0.602,0.579
1,c_charge_degree,['age'],0.6024930747922438,0.5678670360110804,0.316,0.095,-0.445,-0.078,0.377,0.106,0.623,0.789,-0.0645,0.0085,0.82,0.505,0.693,0.346,0.766,0.438,0.617,0.665,0.82,0.505,0.704,0.574,0.602,0.568
2,sex,None,0.5997229916897507,0.574792243767313,0.372,0.105,-0.547,-0.019,0.448,0.083,0.525,0.858,-0.08750000000000002,0.043,0.648,0.577,0.468,0.429,0.573,0.515,0.659,0.653,0.648,0.577,0.653,0.613,0.6,0.575
2,age,None,0.5997229916897507,0.5415512465373962,0.333,0.185,-0.5,-0.132,0.429,0.182,0.571,0.658,-0.08349999999999999,0.026499999999999996,0.648,0.447,0.468,0.326,0.573,0.396,0.659,0.657,0.648,0.447,0.653,0.532,0.6,0.542
2,race,None,0.5997229916897507,0.5692520775623269,0.284,-0.01,-0.319,0.011,0.302,0.007,0.61,1.015,-0.017500000000000016,0.0004999999999999996,0.648,0.551,0.468,0.405,0.573,0.49,0.659,0.655,0.648,0.551,0.653,0.599,0.6,0.569
2,priors_count,None,0.5997229916897507,0.5650969529085873,0.176,-0.117,-0.233,0.095,0.213,0.096,0.7,1.213,-0.02850000000000001,-0.011000000000000003,0.648,0.565,0.468,0.435,0.573,0.511,0.659,0.645,0.648,0.565,0.653,0.602,0.6,0.565
2,c_charge_degree,None,0.5997229916897507,0.5443213296398892,0.427,0.194,-0.359,-0.035,0.423,0.153,0.503,0.708,0.034,0.0795,0.648,0.473,0.468,0.355,0.573,0.424,0.659,0.65,0.648,0.473,0.653,0.548,0.6,0.544
2,sex,['priors_count'],0.5997229916897507,0.5803324099722992,0.388,0.138,-0.527,-0.077,0.451,0.127,0.53,0.783,-0.0695,0.030500000000000006,0.66,0.551,0.485,0.379,0.587,0.479,0.656,0.671,0.66,0.551,0.658,0.605,0.6,0.58
2,age,['priors_count'],0.5997229916897507,0.5346260387811634,0.333,-0.018,-0.583,-0.088,0.476,0.025,0.524,0.958,-0.12499999999999997,-0.053,0.66,0.582,0.485,0.532,0.587,0.561,0.656,0.605,0.66,0.582,0.658,0.593,0.6,0.535
2,race,['priors_count'],0.5997229916897507,0.5650969529085873,0.287,-0.023,-0.4,0.001,0.337,0.011,0.585,1.023,-0.05650000000000002,-0.011,0.66,0.546,0.485,0.409,0.587,0.489,0.656,0.652,0.66,0.546,0.658,0.594,0.6,0.565
2,c_charge_degree,['priors_count'],0.5997229916897507,0.5373961218836565,0.437,0.029,-0.372,0.125,0.432,0.012,0.504,1.024,0.0325,0.077,0.66,0.518,0.485,0.435,0.587,0.483,0.656,0.625,0.66,0.518,0.658,0.566,0.6,0.537
2,sex,['c_charge_degree'],0.5941828254847645,0.554016620498615,0.409,-0.185,-0.539,0.032,0.468,0.12,0.513,1.319,-0.06500000000000003,-0.0765,0.644,0.525,0.475,0.405,0.573,0.475,0.655,0.644,0.644,0.525,0.649,0.578,0.594,0.554
2,age,['c_charge_degree'],0.5941828254847645,0.5512465373961218,0.111,-0.089,-0.5,-0.051,0.333,0.03,0.667,1.052,-0.1945,-0.06999999999999999,0.644,0.632,0.475,0.561,0.573,0.602,0.655,0.611,0.644,0.632,0.649,0.621,0.594,0.551
2,race,['c_charge_degree'],0.5941828254847645,0.5817174515235457,0.312,-0.099,-0.355,0.045,0.333,0.074,0.581,1.153,-0.02149999999999999,-0.027000000000000003,0.644,0.596,0.475,0.439,0.573,0.53,0.655,0.655,0.644,0.596,0.649,0.624,0.594,0.582
2,priors_count,['c_charge_degree'],0.5941828254847645,0.5554016620498615,0.214,-0.042,-0.318,-0.064,0.268,0.008,0.641,0.986,-0.052000000000000005,-0.053000000000000005,0.644,0.587,0.475,0.488,0.573,0.546,0.655,0.627,0.644,0.587,0.649,0.606,0.594,0.555
2,sex,['race'],0.5969529085872576,0.5803324099722992,0.366,0.138,-0.551,-0.077,0.445,0.127,0.524,0.783,-0.09250000000000003,0.030500000000000006,0.641,0.551,0.465,0.379,0.568,0.479,0.659,0.671,0.641,0.551,0.65,0.605,0.597,0.58
2,age,['race'],0.5969529085872576,0.5609418282548476,0.333,-0.152,-0.5,0.152,0.429,0.134,0.571,1.282,-0.08349999999999999,0.0,0.641,0.62,0.465,0.522,0.568,0.579,0.659,0.624,0.641,0.62,0.65,0.622,0.597,0.561
2,priors_count,['race'],0.5969529085872576,0.5831024930747922,0.188,0.011,-0.301,0.008,0.246,0.017,0.662,0.969,-0.056499999999999995,0.0095,0.641,0.615,0.465,0.462,0.568,0.551,0.659,0.651,0.641,0.615,0.65,0.632,0.597,0.583
2,c_charge_degree,['race'],0.5969529085872576,0.5581717451523546,0.41,-0.064,-0.311,0.16,0.394,0.077,0.523,1.162,0.04949999999999999,0.048,0.641,0.572,0.465,0.462,0.568,0.526,0.659,0.634,0.641,0.572,0.65,0.601,0.597,0.558
2,sex,['age'],0.5650969529085873,0.5554016620498615,0.449,0.167,-0.547,-0.154,0.491,0.171,0.509,0.694,-0.049000000000000016,0.006500000000000006,0.637,0.477,0.535,0.336,0.594,0.418,0.625,0.666,0.637,0.477,0.631,0.556,0.565,0.555
2,race,['age'],0.5650969529085873,0.5650969529085873,0.554,0.175,-0.69,-0.128,0.612,0.159,0.388,0.709,-0.06799999999999995,0.023499999999999993,0.637,0.506,0.535,0.352,0.594,0.442,0.625,0.668,0.637,0.506,0.631,0.576,0.565,0.565
2,priors_count,['age'],0.5650969529085873,0.5650969529085873,-0.054,-0.17,-0.091,0.116,0.011,0.137,0.981,1.302,-0.0725,-0.027000000000000003,0.637,0.591,0.535,0.472,0.594,0.542,0.625,0.637,0.637,0.591,0.631,0.613,0.565,0.565
2,c_charge_degree,['age'],0.5650969529085873,0.5110803324099723,0.614,0.184,-0.622,-0.162,0.618,0.179,0.382,0.681,-0.0040000000000000036,0.010999999999999996,0.637,0.461,0.535,0.419,0.594,0.443,0.625,0.606,0.637,0.461,0.631,0.524,0.565,0.511
3,sex,None,0.6080332409972299,0.5734072022160664,0.237,-0.219,-0.457,-0.008,0.343,0.113,0.63,1.266,-0.11000000000000001,-0.1135,0.728,0.59,0.528,0.445,0.634,0.522,0.609,0.599,0.728,0.59,0.663,0.594,0.608,0.573
3,age,None,0.6080332409972299,0.5498614958448753,0.222,-0.159,-0.714,0.315,0.438,0.191,0.562,1.404,-0.246,0.078,0.728,0.661,0.528,0.575,0.634,0.62,0.609,0.565,0.728,0.661,0.663,0.609,0.608,0.55
3,race,None,0.6080332409972299,0.5789473684210527,0.254,0.02,-0.117,0.086,0.224,0.001,0.713,0.998,0.0685,0.053,0.728,0.585,0.528,0.428,0.634,0.511,0.609,0.607,0.728,0.585,0.663,0.596,0.608,0.579
3,priors_count,None,0.6080332409972299,0.5983379501385041,0.169,-0.001,-0.099,0.05,0.14,0.02,0.805,1.036,0.035,0.0245,0.728,0.648,0.528,0.457,0.634,0.558,0.609,0.615,0.728,0.648,0.663,0.631,0.608,0.598
3,c_charge_degree,None,0.6080332409972299,0.5720221606648199,0.302,0.001,-0.504,-0.153,0.406,0.081,0.547,0.83,-0.101,-0.076,0.728,0.496,0.528,0.342,0.634,0.424,0.609,0.621,0.728,0.496,0.663,0.552,0.608,0.572
3,sex,['priors_count'],0.6052631578947368,0.5761772853185596,0.291,-0.165,-0.45,-0.072,0.372,0.055,0.61,1.128,-0.07950000000000002,-0.1185,0.728,0.546,0.534,0.389,0.637,0.472,0.607,0.613,0.728,0.546,0.662,0.578,0.605,0.576
3,age,['priors_count'],0.6052631578947368,0.5457063711911357,0.444,-0.306,-0.857,0.351,0.625,0.295,0.375,1.987,-0.2065,0.022499999999999992,0.728,0.572,0.534,0.484,0.637,0.53,0.607,0.572,0.728,0.572,0.662,0.572,0.605,0.546
3,race,['priors_count'],0.6052631578947368,0.5761772853185596,0.233,-0.055,-0.213,0.193,0.25,0.085,0.687,1.201,0.010000000000000009,0.069,0.728,0.554,0.534,0.398,0.637,0.481,0.607,0.611,0.728,0.554,0.662,0.581,0.605,0.576
3,c_charge_degree,['priors_count'],0.6052631578947368,0.5609418282548476,0.302,-0.182,-0.51,0.071,0.408,0.121,0.547,1.31,-0.10400000000000001,-0.0555,0.728,0.527,0.534,0.401,0.637,0.468,0.607,0.598,0.728,0.527,0.662,0.56,0.605,0.561
3,sex,['c_charge_degree'],0.5872576177285319,0.554016620498615,0.336,-0.417,-0.427,0.432,0.386,0.412,0.591,2.535,-0.045499999999999985,0.007500000000000007,0.692,0.663,0.531,0.569,0.616,0.619,0.596,0.568,0.692,0.663,0.64,0.612,0.587,0.554
3,age,['c_charge_degree'],0.5872576177285319,0.5373961218836565,0.222,-0.195,-0.857,0.246,0.5,0.194,0.5,1.424,-0.3175,0.025499999999999995,0.692,0.64,0.531,0.578,0.616,0.611,0.596,0.556,0.692,0.64,0.64,0.595,0.587,0.537
3,race,['c_charge_degree'],0.5872576177285319,0.5581717451523546,0.221,-0.1,-0.261,0.287,0.258,0.156,0.671,1.367,-0.020000000000000004,0.09349999999999999,0.692,0.58,0.531,0.466,0.616,0.526,0.596,0.584,0.692,0.58,0.64,0.582,0.587,0.558
3,priors_count,['c_charge_degree'],0.5872576177285319,0.5831024930747922,0.165,-0.223,-0.182,0.242,0.176,0.228,0.757,1.7,-0.008499999999999994,0.009499999999999995,0.692,0.546,0.531,0.375,0.616,0.465,0.596,0.622,0.692,0.546,0.64,0.582,0.587,0.583
3,sex,['race'],0.5969529085872576,0.5761772853185596,0.271,-0.165,-0.467,-0.072,0.366,0.055,0.605,1.128,-0.098,-0.1185,0.7,0.546,0.519,0.389,0.615,0.472,0.604,0.613,0.7,0.546,0.648,0.578,0.597,0.576
3,age,['race'],0.5969529085872576,0.538781163434903,0.222,-0.205,-0.714,0.253,0.438,0.203,0.562,1.443,-0.246,0.024000000000000007,0.7,0.648,0.519,0.584,0.615,0.618,0.604,0.556,0.7,0.648,0.648,0.598,0.597,0.539
3,priors_count,['race'],0.5969529085872576,0.5983379501385041,0.195,-0.001,-0.113,0.05,0.16,0.02,0.775,1.036,0.041,0.0245,0.7,0.648,0.519,0.457,0.615,0.558,0.604,0.615,0.7,0.648,0.648,0.631,0.597,0.598
3,c_charge_degree,['race'],0.5969529085872576,0.5720221606648199,0.272,-0.007,-0.503,-0.139,0.388,0.071,0.553,0.817,-0.11549999999999999,-0.07300000000000001,0.7,0.42,0.519,0.257,0.615,0.343,0.604,0.649,0.7,0.42,0.648,0.51,0.597,0.572
3,sex,['age'],0.5678670360110804,0.5318559556786704,0.211,-0.341,-0.316,0.161,0.262,0.262,0.738,1.745,-0.052500000000000005,-0.09000000000000001,0.825,0.601,0.723,0.546,0.777,0.575,0.563,0.554,0.825,0.601,0.669,0.577,0.568,0.532
3,race,['age'],0.5678670360110804,0.5415512465373962,0.302,-0.158,-0.382,0.209,0.344,0.164,0.656,1.333,-0.04000000000000001,0.025499999999999995,0.825,0.632,0.723,0.56,0.777,0.598,0.563,0.56,0.825,0.632,0.669,0.594,0.568,0.542
3,priors_count,['age'],0.5678670360110804,0.5664819944598338,0.291,-0.238,-0.448,0.173,0.366,0.205,0.634,1.478,-0.07850000000000001,-0.0325,0.825,0.614,0.723,0.487,0.777,0.554,0.563,0.588,0.825,0.614,0.669,0.601,0.568,0.566
3,c_charge_degree,['age'],0.5678670360110804,0.5401662049861495,0.286,-0.227,-0.402,0.056,0.344,0.142,0.656,1.5,-0.058000000000000024,-0.0855,0.825,0.42,0.723,0.324,0.777,0.375,0.563,0.594,0.825,0.42,0.669,0.492,0.568,0.54
4,sex,None,0.6102635228848821,0.5852981969486823,0.323,-0.099,-0.473,0.174,0.402,0.106,0.571,1.241,-0.07499999999999998,0.03749999999999999,0.709,0.603,0.505,0.435,0.614,0.526,0.621,0.617,0.709,0.603,0.662,0.61,0.61,0.585
4,age,None,0.6102635228848821,0.5228848821081831,0.625,-0.233,-0.364,0.264,0.474,0.232,0.526,1.527,0.1305,0.0155,0.709,0.637,0.505,0.61,0.614,0.624,0.621,0.549,0.709,0.637,0.662,0.59,0.61,0.523
4,race,None,0.6102635228848821,0.5866851595006934,0.162,-0.118,-0.309,0.069,0.245,0.077,0.685,1.16,-0.0735,-0.024499999999999994,0.709,0.611,0.505,0.441,0.614,0.533,0.621,0.617,0.709,0.611,0.662,0.614,0.61,0.587
4,priors_count,None,0.6102635228848821,0.5894590846047156,0.27,-0.063,-0.244,0.179,0.26,0.114,0.662,1.251,0.013000000000000012,0.057999999999999996,0.709,0.603,0.505,0.426,0.614,0.521,0.621,0.622,0.709,0.603,0.662,0.612,0.61,0.589
4,c_charge_degree,None,0.6102635228848821,0.5894590846047156,0.272,-0.036,-0.422,0.023,0.351,0.016,0.584,1.037,-0.07499999999999998,-0.006499999999999999,0.709,0.526,0.505,0.336,0.614,0.438,0.621,0.646,0.709,0.526,0.662,0.58,0.61,0.589
4,sex,['priors_count'],0.6227461858529819,0.579750346740638,0.288,-0.035,-0.461,0.121,0.38,0.047,0.589,1.107,-0.08650000000000002,0.043,0.724,0.554,0.495,0.39,0.619,0.479,0.63,0.623,0.724,0.554,0.674,0.586,0.623,0.58
4,age,['priors_count'],0.6227461858529819,0.5561719833564494,0.5,-0.25,-0.364,0.035,0.421,0.152,0.579,1.321,0.068,-0.1075,0.724,0.639,0.495,0.541,0.619,0.594,0.63,0.579,0.724,0.639,0.674,0.608,0.623,0.556
4,race,['priors_count'],0.6227461858529819,0.5811373092926491,0.181,-0.098,-0.292,-0.007,0.251,0.035,0.68,1.067,-0.055499999999999994,-0.052500000000000005,0.724,0.619,0.495,0.462,0.619,0.546,0.63,0.609,0.724,0.619,0.674,0.614,0.623,0.581
4,c_charge_degree,['priors_count'],0.6227461858529819,0.5922330097087378,0.324,-0.213,-0.449,0.153,0.394,0.172,0.55,1.457,-0.0625,-0.03,0.724,0.575,0.495,0.387,0.619,0.488,0.63,0.634,0.724,0.575,0.674,0.603,0.623,0.592
4,sex,['c_charge_degree'],0.6144244105409153,0.5339805825242718,0.365,-0.317,-0.589,0.278,0.474,0.292,0.516,1.819,-0.11199999999999999,-0.01949999999999999,0.698,0.616,0.483,0.562,0.599,0.591,0.627,0.561,0.698,0.616,0.661,0.587,0.614,0.534
4,age,['c_charge_degree'],0.6144244105409153,0.5381414701803051,0.75,-0.142,-0.636,0.25,0.684,0.163,0.316,1.339,0.056999999999999995,0.054000000000000006,0.698,0.637,0.483,0.577,0.599,0.609,0.627,0.563,0.698,0.637,0.661,0.598,0.614,0.538
4,race,['c_charge_degree'],0.6144244105409153,0.5423023578363384,0.234,-0.094,-0.338,0.126,0.299,0.098,0.626,1.203,-0.052000000000000005,0.016,0.698,0.582,0.483,0.505,0.599,0.546,0.627,0.574,0.698,0.582,0.661,0.578,0.614,0.542
4,priors_count,['c_charge_degree'],0.6144244105409153,0.5866851595006934,0.276,-0.089,-0.241,0.16,0.263,0.119,0.652,1.291,0.017500000000000016,0.035500000000000004,0.698,0.562,0.483,0.384,0.599,0.48,0.627,0.63,0.698,0.562,0.661,0.594,0.614,0.587
4,sex,['race'],0.6158113730929264,0.579750346740638,0.32,-0.035,-0.552,0.121,0.432,0.047,0.549,1.107,-0.11600000000000002,0.043,0.711,0.554,0.495,0.39,0.612,0.479,0.626,0.623,0.711,0.554,0.666,0.586,0.616,0.58
4,age,['race'],0.6158113730929264,0.5131761442441054,0.625,-0.243,-0.364,0.136,0.474,0.199,0.526,1.421,0.1305,-0.05349999999999999,0.711,0.634,0.495,0.628,0.612,0.631,0.626,0.541,0.711,0.634,0.666,0.584,0.616,0.513
4,priors_count,['race'],0.6158113730929264,0.5880721220527045,0.255,0.088,-0.233,-0.01,0.248,0.055,0.674,0.912,0.010999999999999996,0.039,0.711,0.665,0.495,0.502,0.612,0.589,0.626,0.607,0.711,0.665,0.666,0.635,0.616,0.588
4,c_charge_degree,['race'],0.6158113730929264,0.5492371705963939,0.289,-0.205,-0.393,0.279,0.35,0.229,0.584,1.609,-0.05200000000000002,0.03700000000000002,0.711,0.57,0.495,0.474,0.612,0.526,0.626,0.583,0.711,0.57,0.666,0.576,0.616,0.549
4,sex,['age'],0.5547850208044383,0.5312066574202496,0.266,-0.039,-0.324,0.227,0.294,0.104,0.706,1.216,-0.028999999999999998,0.094,0.796,0.59,0.727,0.538,0.764,0.566,0.561,0.561,0.796,0.59,0.658,0.575,0.555,0.531
4,race,['age'],0.5547850208044383,0.5201109570041609,0.328,-0.162,-0.378,0.133,0.353,0.145,0.647,1.289,-0.024999999999999994,-0.014499999999999999,0.796,0.611,0.727,0.586,0.764,0.599,0.561,0.549,0.796,0.611,0.658,0.578,0.555,0.52
4,priors_count,['age'],0.5547850208044383,0.5561719833564494,0.345,-0.083,-0.453,0.07,0.395,0.075,0.605,1.143,-0.05400000000000002,-0.006499999999999999,0.796,0.621,0.727,0.52,0.764,0.574,0.561,0.582,0.796,0.621,0.658,0.601,0.555,0.556
4,c_charge_degree,['age'],0.5547850208044383,0.5700416088765603,0.328,-0.013,-0.396,0.043,0.361,0.014,0.639,1.033,-0.034,0.015,0.796,0.518,0.727,0.369,0.764,0.449,0.561,0.62,0.796,0.518,0.658,0.564,0.555,0.57
5,sex,None,0.6047156726768377,0.579750346740638,0.305,-0.018,-0.4,0.064,0.361,0.016,0.622,1.028,-0.047500000000000014,0.023,0.751,0.636,0.57,0.488,0.669,0.569,0.612,0.61,0.751,0.636,0.674,0.623,0.605,0.58
5,age,None,0.6047156726768377,0.5409153952843273,-0.615,-0.18,0.385,0.23,0.5,0.177,0,1.354,-0.11499999999999999,0.02500000000000001,0.751,0.662,0.57,0.604,0.669,0.635,0.612,0.568,0.751,0.662,0.674,0.611,0.605,0.541
5,race,None,0.6047156726768377,0.5908460471567267,0.193,-0.06,-0.31,0.07,0.256,0.051,0.692,1.099,-0.058499999999999996,0.0050000000000000044,0.751,0.628,0.57,0.454,0.669,0.549,0.612,0.624,0.751,0.628,0.674,0.626,0.605,0.591
5,priors_count,None,0.6047156726768377,0.5908460471567267,0.147,-0.088,-0.146,0.219,0.159,0.132,0.793,1.28,0.0005000000000000004,0.0655,0.751,0.634,0.57,0.46,0.669,0.555,0.612,0.622,0.751,0.634,0.674,0.628,0.605,0.591
5,c_charge_degree,None,0.6047156726768377,0.6061026352288488,0.328,0.069,-0.5,0.004,0.413,0.051,0.555,0.901,-0.086,0.036500000000000005,0.751,0.58,0.57,0.363,0.669,0.481,0.612,0.657,0.751,0.58,0.674,0.616,0.605,0.606
5,sex,['priors_count'],0.6019417475728155,0.5742024965325936,0.315,0.056,-0.434,-0.001,0.379,0.055,0.611,0.902,-0.0595,0.0275,0.753,0.58,0.579,0.433,0.674,0.513,0.609,0.616,0.753,0.58,0.673,0.597,0.602,0.574
5,age,['priors_count'],0.6019417475728155,0.5492371705963939,-0.692,-0.178,0.615,0.159,0.654,0.148,0,1.3,-0.03849999999999998,-0.009499999999999995,0.753,0.644,0.579,0.564,0.674,0.607,0.609,0.578,0.753,0.644,0.673,0.609,0.602,0.549
5,race,['priors_count'],0.6019417475728155,0.5839112343966713,0.167,0.054,-0.351,-0.143,0.259,0.104,0.691,0.846,-0.09199999999999998,-0.0445,0.753,0.674,0.579,0.524,0.674,0.606,0.609,0.606,0.753,0.674,0.673,0.638,0.602,0.584
5,c_charge_degree,['priors_count'],0.6019417475728155,0.6005547850208044,0.335,-0.103,-0.432,0.164,0.387,0.117,0.579,1.26,-0.04849999999999999,0.030500000000000006,0.753,0.613,0.579,0.415,0.674,0.523,0.609,0.639,0.753,0.613,0.673,0.626,0.602,0.601
5,sex,['c_charge_degree'],0.6144244105409153,0.5533980582524272,0.325,-0.327,-0.478,0.332,0.405,0.314,0.584,1.91,-0.07649999999999998,0.0025000000000000022,0.746,0.634,0.543,0.543,0.653,0.592,0.622,0.583,0.746,0.634,0.678,0.607,0.614,0.553
5,age,['c_charge_degree'],0.6144244105409153,0.5325936199722607,-0.538,-0.278,0.538,0.316,0.538,0.27,0,1.716,0.0,0.01899999999999999,0.746,0.606,0.543,0.555,0.653,0.583,0.622,0.567,0.746,0.606,0.678,0.586,0.614,0.533
5,race,['c_charge_degree'],0.6144244105409153,0.5755894590846047,0.254,-0.084,-0.461,0.088,0.357,0.074,0.594,1.149,-0.10350000000000001,0.001999999999999995,0.746,0.611,0.543,0.466,0.653,0.545,0.622,0.611,0.746,0.611,0.678,0.611,0.614,0.576
5,priors_count,['c_charge_degree'],0.6144244105409153,0.5880721220527045,0.271,-0.127,-0.051,0.227,0.189,0.157,0.755,1.383,0.11000000000000001,0.05,0.746,0.588,0.543,0.412,0.653,0.508,0.622,0.631,0.746,0.588,0.678,0.609,0.614,0.588
5,sex,['race'],0.5963938973647711,0.5742024965325936,0.305,0.056,-0.407,-0.001,0.361,0.055,0.616,0.902,-0.05099999999999999,0.0275,0.73,0.58,0.564,0.433,0.655,0.513,0.608,0.616,0.73,0.58,0.663,0.597,0.596,0.574
5,age,['race'],0.5963938973647711,0.5478502080443828,-0.615,-0.163,0.385,0.291,0.5,0.183,0,1.37,-0.11499999999999999,0.06399999999999999,0.73,0.667,0.564,0.595,0.655,0.634,0.608,0.573,0.73,0.667,0.663,0.616,0.596,0.548
5,priors_count,['race'],0.5963938973647711,0.5839112343966713,0.139,0.012,-0.087,0.03,0.128,0.004,0.826,0.993,0.02600000000000001,0.020999999999999998,0.73,0.674,0.564,0.524,0.655,0.606,0.608,0.606,0.73,0.674,0.663,0.638,0.596,0.584
5,c_charge_degree,['race'],0.5963938973647711,0.5936199722607489,0.352,0.091,-0.523,-0.025,0.435,0.075,0.531,0.833,-0.08550000000000002,0.033,0.73,0.496,0.564,0.29,0.655,0.402,0.608,0.672,0.73,0.496,0.663,0.571,0.596,0.594
5,sex,['age'],0.5700416088765603,0.5575589459084604,0.254,-0.025,-0.338,0.086,0.295,0.034,0.705,1.063,-0.04200000000000001,0.030499999999999996,0.809,0.611,0.716,0.506,0.767,0.563,0.575,0.591,0.809,0.611,0.672,0.601,0.57,0.558
5,race,['age'],0.5700416088765603,0.5423023578363384,0.318,0.014,-0.423,-0.119,0.368,0.066,0.632,0.876,-0.05249999999999999,-0.0525,0.809,0.527,0.716,0.439,0.767,0.487,0.575,0.59,0.809,0.527,0.672,0.557,0.57,0.542
5,priors_count,['age'],0.5700416088765603,0.5464632454923717,0.322,-0.166,-0.429,0.121,0.373,0.14,0.627,1.287,-0.05349999999999999,-0.022500000000000006,0.809,0.611,0.716,0.53,0.767,0.574,0.575,0.58,0.809,0.611,0.672,0.595,0.57,0.546
5,c_charge_degree,['age'],0.5700416088765603,0.5617198335644937,0.316,0.047,-0.429,-0.068,0.37,0.064,0.63,0.878,-0.056499999999999995,-0.010500000000000002,0.809,0.542,0.716,0.415,0.767,0.484,0.575,0.61,0.809,0.542,0.672,0.574,0.57,0.562
6,sex,None,0.59500693481276,0.565880721220527,0.401,0.04,-0.508,-0.048,0.459,0.064,0.523,0.887,-0.05349999999999999,-0.004,0.679,0.578,0.508,0.449,0.602,0.52,0.62,0.611,0.679,0.578,0.648,0.594,0.595,0.566
6,age,None,0.59500693481276,0.5492371705963939,-0.714,-0.262,0.75,0.149,0.722,0.208,0,1.43,0.018000000000000016,-0.05650000000000001,0.679,0.687,0.508,0.618,0.602,0.656,0.62,0.575,0.679,0.687,0.648,0.626,0.595,0.549
6,race,None,0.59500693481276,0.5644937586685159,0.086,-0.128,-0.259,0.11,0.172,0.109,0.76,1.261,-0.08650000000000001,-0.009000000000000001,0.679,0.551,0.508,0.418,0.602,0.491,0.62,0.616,0.679,0.551,0.648,0.582,0.595,0.564
6,priors_count,None,0.59500693481276,0.5700416088765603,0.095,-0.081,-0.151,0.057,0.133,0.059,0.804,1.119,-0.027999999999999997,-0.012,0.679,0.593,0.508,0.458,0.602,0.533,0.62,0.612,0.679,0.593,0.648,0.602,0.595,0.57
6,c_charge_degree,None,0.59500693481276,0.6061026352288488,0.41,0.128,-0.417,-0.073,0.42,0.115,0.523,0.784,-0.003500000000000003,0.027500000000000004,0.679,0.556,0.508,0.332,0.602,0.455,0.62,0.671,0.679,0.556,0.648,0.608,0.595,0.606
6,sex,['priors_count'],0.5714285714285714,0.5464632454923717,0.407,0.165,-0.503,-0.127,0.452,0.167,0.526,0.707,-0.048000000000000015,0.019000000000000003,0.657,0.487,0.532,0.382,0.601,0.44,0.6,0.609,0.657,0.487,0.627,0.541,0.571,0.546
6,age,['priors_count'],0.5714285714285714,0.5464632454923717,-0.643,-0.176,0.75,0.018,0.667,0.108,0,1.213,0.05349999999999999,-0.079,0.657,0.631,0.532,0.557,0.601,0.598,0.6,0.58,0.657,0.631,0.627,0.604,0.571,0.546
6,race,['priors_count'],0.5714285714285714,0.5700416088765603,0.133,-0.072,-0.239,0.067,0.186,0.059,0.743,1.125,-0.05299999999999999,-0.0024999999999999953,0.657,0.571,0.532,0.431,0.601,0.508,0.6,0.617,0.657,0.571,0.627,0.593,0.571,0.57
6,c_charge_degree,['priors_count'],0.5714285714285714,0.5977808599167822,0.445,-0.026,-0.524,0.117,0.485,0.056,0.474,1.12,-0.03950000000000001,0.045500000000000006,0.657,0.591,0.532,0.394,0.601,0.502,0.6,0.646,0.657,0.591,0.627,0.617,0.571,0.598
6,sex,['c_charge_degree'],0.6227461858529819,0.5436893203883495,0.35,-0.481,-0.492,0.335,0.431,0.408,0.543,2.634,-0.07100000000000001,-0.07299999999999998,0.707,0.604,0.48,0.529,0.605,0.57,0.642,0.582,0.707,0.604,0.673,0.593,0.623,0.544
6,age,['c_charge_degree'],0.6227461858529819,0.5755894590846047,-0.714,-0.176,0.75,0.057,0.722,0.112,0,1.199,0.018000000000000016,-0.0595,0.707,0.712,0.48,0.591,0.605,0.657,0.642,0.595,0.707,0.712,0.673,0.648,0.623,0.576
6,race,['c_charge_degree'],0.6227461858529819,0.5825242718446602,0.185,-0.248,-0.342,0.179,0.268,0.205,0.658,1.516,-0.07850000000000001,-0.0345,0.707,0.606,0.48,0.446,0.605,0.534,0.642,0.623,0.707,0.606,0.673,0.614,0.623,0.583
6,priors_count,['c_charge_degree'],0.6227461858529819,0.5825242718446602,0.156,-0.245,-0.196,0.198,0.191,0.208,0.733,1.635,-0.020000000000000004,-0.023499999999999993,0.707,0.528,0.48,0.351,0.605,0.448,0.642,0.647,0.707,0.528,0.673,0.581,0.623,0.583
6,sex,['race'],0.5866851595006934,0.5464632454923717,0.393,0.165,-0.48,-0.127,0.441,0.167,0.532,0.707,-0.04349999999999998,0.019000000000000003,0.667,0.487,0.511,0.382,0.596,0.44,0.614,0.609,0.667,0.487,0.639,0.541,0.587,0.546
6,age,['race'],0.5866851595006934,0.5575589459084604,-0.714,-0.17,0.75,0.095,0.722,0.127,0,1.225,0.018000000000000016,-0.037500000000000006,0.667,0.707,0.511,0.625,0.596,0.67,0.614,0.58,0.667,0.707,0.639,0.637,0.587,0.558
6,priors_count,['race'],0.5866851595006934,0.5700416088765603,0.088,-0.081,-0.146,0.057,0.126,0.059,0.812,1.119,-0.028999999999999998,-0.012,0.667,0.593,0.511,0.458,0.596,0.533,0.614,0.612,0.667,0.593,0.639,0.602,0.587,0.57
6,c_charge_degree,['race'],0.5866851595006934,0.5991678224687933,0.408,-0.116,-0.442,0.215,0.429,0.15,0.513,1.323,-0.017000000000000015,0.049499999999999995,0.667,0.649,0.511,0.462,0.596,0.564,0.614,0.631,0.667,0.649,0.639,0.64,0.587,0.599
6,sex,['age'],0.5589459084604715,0.5409153952843273,0.46,-0.181,-0.507,0.195,0.483,0.174,0.517,1.319,-0.023499999999999993,0.007000000000000006,0.664,0.702,0.569,0.655,0.621,0.681,0.587,0.566,0.664,0.702,0.623,0.627,0.559,0.541
6,race,['age'],0.5589459084604715,0.5436893203883495,0.526,-0.219,-0.606,0.187,0.564,0.199,0.436,1.421,-0.03999999999999998,-0.016,0.664,0.636,0.569,0.569,0.621,0.606,0.587,0.577,0.664,0.636,0.623,0.605,0.559,0.544
6,priors_count,['age'],0.5589459084604715,0.5312066574202496,0.001,-0.246,0.0,0.203,0.008,0.221,0.987,1.557,0.0005,-0.02149999999999999,0.664,0.551,0.569,0.492,0.621,0.524,0.587,0.577,0.664,0.551,0.623,0.564,0.559,0.531
6,c_charge_degree,['age'],0.5589459084604715,0.5714285714285714,0.522,0.153,-0.628,-0.03,0.571,0.106,0.429,0.802,-0.05299999999999999,0.0615,0.664,0.533,0.569,0.382,0.621,0.465,0.587,0.63,0.664,0.533,0.623,0.577,0.559,0.571
7,sex,None,0.6130374479889042,0.5728155339805825,0.307,0.015,-0.514,0.009,0.409,0.021,0.561,0.959,-0.10350000000000001,0.012,0.696,0.556,0.482,0.408,0.596,0.487,0.623,0.61,0.696,0.556,0.657,0.582,0.613,0.573
7,age,None,0.6130374479889042,0.5839112343966713,0.0,-0.058,-0.583,0.091,0.25,0.059,0.75,1.129,-0.2915,0.016499999999999997,0.696,0.584,0.482,0.417,0.596,0.506,0.623,0.616,0.696,0.584,0.657,0.6,0.613,0.584
7,race,None,0.6130374479889042,0.5742024965325936,0.253,-0.025,-0.375,-0.004,0.317,0.005,0.604,1.011,-0.061,-0.0145,0.696,0.551,0.482,0.399,0.596,0.48,0.623,0.613,0.696,0.551,0.657,0.58,0.613,0.574
7,priors_count,None,0.6130374479889042,0.5478502080443828,0.101,-0.174,-0.14,0.062,0.146,0.11,0.788,1.266,-0.019500000000000003,-0.055999999999999994,0.696,0.53,0.482,0.432,0.596,0.484,0.623,0.585,0.696,0.53,0.657,0.556,0.613,0.548
7,c_charge_degree,None,0.6130374479889042,0.5561719833564494,0.403,0.145,-0.409,-0.107,0.429,0.145,0.511,0.71,-0.002999999999999975,0.018999999999999996,0.696,0.465,0.482,0.339,0.596,0.406,0.623,0.611,0.696,0.465,0.657,0.528,0.613,0.556
7,sex,['priors_count'],0.6019417475728155,0.5589459084604715,0.294,0.084,-0.496,-0.029,0.391,0.075,0.583,0.851,-0.101,0.027500000000000004,0.706,0.501,0.518,0.375,0.619,0.442,0.61,0.605,0.706,0.501,0.654,0.548,0.602,0.559
7,age,['priors_count'],0.6019417475728155,0.5686546463245492,0.188,-0.206,-0.583,0.259,0.357,0.217,0.643,1.581,-0.19749999999999998,0.02650000000000001,0.706,0.613,0.518,0.482,0.619,0.552,0.61,0.593,0.706,0.613,0.654,0.603,0.602,0.569
7,race,['priors_count'],0.6019417475728155,0.5589459084604715,0.225,-0.081,-0.402,-0.031,0.313,0.025,0.619,1.054,-0.08850000000000001,-0.056,0.706,0.53,0.518,0.408,0.619,0.473,0.61,0.598,0.706,0.53,0.654,0.562,0.602,0.559
7,c_charge_degree,['priors_count'],0.6019417475728155,0.5409153952843273,0.407,-0.076,-0.435,0.108,0.439,0.075,0.516,1.179,-0.014000000000000012,0.016,0.706,0.506,0.518,0.42,0.619,0.466,0.61,0.58,0.706,0.506,0.654,0.54,0.602,0.541
7,sex,['c_charge_degree'],0.6047156726768377,0.5492371705963939,0.348,-0.382,-0.551,0.236,0.447,0.312,0.536,1.998,-0.10150000000000003,-0.07300000000000001,0.688,0.61,0.491,0.521,0.596,0.569,0.616,0.573,0.688,0.61,0.65,0.591,0.605,0.549
7,age,['c_charge_degree'],0.6047156726768377,0.5672676837725381,0.25,-0.309,-0.667,0.287,0.429,0.29,0.571,1.862,-0.20850000000000002,-0.01100000000000001,0.688,0.631,0.491,0.506,0.596,0.573,0.616,0.588,0.688,0.631,0.65,0.609,0.605,0.567
7,race,['c_charge_degree'],0.6047156726768377,0.5644937586685159,0.298,-0.131,-0.402,0.004,0.353,0.068,0.571,1.148,-0.05200000000000002,-0.0635,0.688,0.561,0.491,0.432,0.596,0.501,0.616,0.598,0.688,0.561,0.65,0.579,0.605,0.564
7,priors_count,['c_charge_degree'],0.6047156726768377,0.5242718446601942,0.147,-0.233,-0.171,0.15,0.182,0.186,0.744,1.559,-0.01200000000000001,-0.04150000000000001,0.688,0.478,0.491,0.423,0.596,0.452,0.616,0.564,0.688,0.478,0.65,0.517,0.605,0.524
7,sex,['race'],0.6102635228848821,0.5589459084604715,0.329,0.084,-0.491,-0.029,0.413,0.075,0.557,0.851,-0.08099999999999999,0.027500000000000004,0.691,0.501,0.482,0.375,0.594,0.442,0.621,0.605,0.691,0.501,0.654,0.548,0.61,0.559
7,age,['race'],0.6102635228848821,0.5866851595006934,0.062,-0.239,-0.667,0.216,0.321,0.217,0.679,1.525,-0.3025,-0.011499999999999996,0.691,0.665,0.482,0.503,0.594,0.589,0.621,0.602,0.691,0.665,0.654,0.632,0.61,0.587
7,priors_count,['race'],0.6102635228848821,0.565880721220527,0.121,-0.027,-0.169,-0.05,0.169,0.024,0.76,0.956,-0.024000000000000007,-0.0385,0.691,0.592,0.482,0.464,0.594,0.533,0.621,0.594,0.691,0.592,0.654,0.593,0.61,0.566
7,c_charge_degree,['race'],0.6102635228848821,0.5325936199722607,0.412,0.147,-0.484,-0.075,0.464,0.128,0.484,0.693,-0.036000000000000004,0.036,0.691,0.374,0.482,0.286,0.594,0.333,0.621,0.6,0.691,0.374,0.654,0.461,0.61,0.533
7,sex,['age'],0.5742024965325936,0.5783633841886269,0.408,-0.192,-0.535,0.168,0.469,0.167,0.531,1.322,-0.06350000000000003,-0.011999999999999997,0.678,0.719,0.545,0.583,0.616,0.656,0.588,0.586,0.678,0.719,0.63,0.646,0.574,0.578
7,race,['age'],0.5742024965325936,0.5672676837725381,0.515,0.077,-0.683,-0.165,0.596,0.123,0.404,0.767,-0.08400000000000002,-0.044000000000000004,0.678,0.514,0.545,0.372,0.616,0.448,0.588,0.613,0.678,0.514,0.63,0.559,0.574,0.567
7,priors_count,['age'],0.5742024965325936,0.5617198335644937,0.016,-0.144,-0.052,0.121,0.05,0.115,0.923,1.238,-0.018,-0.011499999999999996,0.678,0.61,0.545,0.494,0.616,0.556,0.588,0.586,0.678,0.61,0.63,0.598,0.574,0.562
7,c_charge_degree,['age'],0.5742024965325936,0.5409153952843273,0.541,0.074,-0.624,-0.086,0.584,0.09,0.416,0.821,-0.04149999999999998,-0.005999999999999998,0.678,0.488,0.545,0.399,0.616,0.447,0.588,0.584,0.678,0.488,0.63,0.532,0.574,0.541
8,sex,None,0.6144244105409153,0.6116504854368932,0.334,0.069,-0.528,0.059,0.424,0.033,0.544,0.942,-0.097,0.064,0.68,0.635,0.47,0.419,0.588,0.541,0.651,0.662,0.68,0.635,0.665,0.648,0.614,0.612
8,age,None,0.6144244105409153,0.5423023578363384,0.2,-0.014,-0.6,0.241,0.4,0.077,0.6,1.147,-0.19999999999999998,0.11349999999999999,0.68,0.608,0.47,0.543,0.588,0.58,0.651,0.591,0.68,0.608,0.665,0.599,0.614,0.542
8,race,None,0.6144244105409153,0.5908460471567267,0.243,-0.002,-0.231,0.018,0.257,0.01,0.662,0.982,0.0059999999999999915,0.008,0.68,0.601,0.47,0.422,0.588,0.523,0.651,0.647,0.68,0.601,0.665,0.623,0.614,0.591
8,priors_count,None,0.6144244105409153,0.5908460471567267,0.189,-0.237,-0.117,0.202,0.158,0.222,0.767,1.574,0.036,-0.017499999999999988,0.68,0.594,0.47,0.413,0.588,0.515,0.651,0.65,0.68,0.594,0.665,0.621,0.614,0.591
8,c_charge_degree,None,0.6144244105409153,0.550624133148405,0.292,0.044,-0.451,-0.074,0.379,0.075,0.548,0.853,-0.07950000000000002,-0.015,0.68,0.51,0.47,0.397,0.588,0.46,0.651,0.623,0.68,0.51,0.665,0.561,0.614,0.551
8,sex,['priors_count'],0.6158113730929264,0.6116504854368932,0.396,0.135,-0.58,-0.022,0.482,0.105,0.504,0.814,-0.09199999999999997,0.05650000000000001,0.677,0.584,0.463,0.352,0.584,0.483,0.653,0.681,0.677,0.584,0.665,0.629,0.616,0.612
8,age,['priors_count'],0.6158113730929264,0.5533980582524272,0.3,-0.254,-0.6,0.229,0.45,0.222,0.55,1.618,-0.15,-0.012499999999999997,0.677,0.574,0.463,0.473,0.584,0.53,0.653,0.61,0.677,0.574,0.665,0.591,0.616,0.553
8,race,['priors_count'],0.6158113730929264,0.5852981969486823,0.269,-0.042,-0.271,0.041,0.289,0.024,0.629,1.048,-0.0010000000000000009,-0.0005000000000000004,0.677,0.586,0.463,0.416,0.584,0.512,0.653,0.645,0.677,0.586,0.665,0.614,0.616,0.585
8,c_charge_degree,['priors_count'],0.6158113730929264,0.5450762829403606,0.337,-0.101,-0.424,0.098,0.398,0.078,0.531,1.18,-0.04349999999999998,-0.0015000000000000013,0.677,0.53,0.463,0.435,0.584,0.488,0.653,0.611,0.677,0.53,0.665,0.568,0.616,0.545
8,sex,['c_charge_degree'],0.6074895977808599,0.5450762829403606,0.393,-0.295,-0.576,0.37,0.477,0.319,0.513,1.883,-0.09149999999999997,0.037500000000000006,0.68,0.645,0.486,0.584,0.595,0.619,0.643,0.587,0.68,0.645,0.661,0.615,0.607,0.545
8,age,['c_charge_degree'],0.6074895977808599,0.5284327323162274,0.2,-0.123,-0.6,0.213,0.4,0.145,0.6,1.279,-0.19999999999999998,0.045,0.68,0.643,0.486,0.619,0.595,0.632,0.643,0.572,0.68,0.643,0.661,0.605,0.607,0.528
8,race,['c_charge_degree'],0.6074895977808599,0.5450762829403606,0.254,-0.077,-0.304,0.208,0.291,0.121,0.632,1.244,-0.024999999999999994,0.0655,0.68,0.608,0.486,0.537,0.595,0.577,0.643,0.594,0.68,0.608,0.661,0.601,0.607,0.545
8,priors_count,['c_charge_degree'],0.6074895977808599,0.5561719833564494,0.21,-0.212,-0.09,0.255,0.158,0.231,0.77,1.706,0.06,0.021500000000000005,0.68,0.515,0.486,0.39,0.595,0.46,0.643,0.63,0.68,0.515,0.661,0.567,0.607,0.556
8,sex,['race'],0.6185852981969486,0.6116504854368932,0.343,0.135,-0.577,-0.022,0.449,0.105,0.528,0.814,-0.11699999999999997,0.05650000000000001,0.685,0.584,0.467,0.352,0.589,0.483,0.654,0.681,0.685,0.584,0.669,0.629,0.619,0.612
8,age,['race'],0.6185852981969486,0.5783633841886269,0.2,-0.024,-0.6,0.113,0.4,0.033,0.6,1.05,-0.19999999999999998,0.0445,0.685,0.744,0.467,0.635,0.589,0.696,0.654,0.602,0.685,0.744,0.669,0.666,0.619,0.578
8,priors_count,['race'],0.6185852981969486,0.6019417475728155,0.171,-0.103,-0.11,0.088,0.145,0.096,0.785,1.188,0.030500000000000006,-0.0075,0.685,0.65,0.467,0.46,0.589,0.567,0.654,0.645,0.685,0.65,0.669,0.647,0.619,0.602
8,c_charge_degree,['race'],0.6185852981969486,0.5450762829403606,0.284,0.067,-0.455,-0.068,0.377,0.089,0.551,0.796,-0.08550000000000002,-0.0005000000000000004,0.685,0.431,0.467,0.308,0.589,0.377,0.654,0.643,0.685,0.431,0.669,0.516,0.619,0.545
8,sex,['age'],0.5880721220527045,0.5672676837725381,0.219,-0.122,-0.337,0.133,0.272,0.119,0.728,1.236,-0.05900000000000001,0.005500000000000005,0.828,0.648,0.721,0.537,0.781,0.599,0.597,0.609,0.828,0.648,0.694,0.628,0.588,0.567
8,race,['age'],0.5880721220527045,0.5617198335644937,0.273,-0.193,-0.388,0.192,0.327,0.181,0.673,1.369,-0.057499999999999996,-0.0005000000000000004,0.828,0.655,0.721,0.559,0.781,0.613,0.597,0.602,0.828,0.655,0.694,0.627,0.588,0.562
8,priors_count,['age'],0.5880721220527045,0.5839112343966713,0.298,-0.217,-0.481,0.163,0.378,0.193,0.622,1.45,-0.0915,-0.026999999999999996,0.828,0.611,0.721,0.451,0.781,0.541,0.597,0.636,0.828,0.611,0.694,0.623,0.588,0.584
8,c_charge_degree,['age'],0.5880721220527045,0.5270457697642164,0.294,-0.206,-0.367,0.167,0.331,0.18,0.669,1.367,-0.036500000000000005,-0.01949999999999999,0.828,0.621,0.721,0.594,0.781,0.609,0.597,0.574,0.828,0.621,0.694,0.597,0.588,0.527
9,sex,None,0.5686546463245492,0.565880721220527,0.364,-0.059,-0.476,0.114,0.42,0.073,0.558,1.152,-0.055999999999999994,0.027500000000000004,0.681,0.599,0.556,0.471,0.621,0.538,0.576,0.585,0.681,0.599,0.624,0.592,0.569,0.566
9,age,None,0.5686546463245492,0.5312066574202496,0.471,-0.161,0.5,0.319,0.48,0.206,0.52,1.428,0.4855,0.079,0.681,0.665,0.556,0.617,0.621,0.642,0.576,0.544,0.681,0.665,0.624,0.598,0.569,0.531
9,race,None,0.5686546463245492,0.5644937586685159,0.177,-0.089,-0.241,0.12,0.218,0.083,0.716,1.166,-0.032,0.0155,0.681,0.612,0.556,0.488,0.621,0.553,0.576,0.581,0.681,0.612,0.624,0.596,0.569,0.564
9,priors_count,None,0.5686546463245492,0.5617198335644937,0.244,0.046,-0.104,0.022,0.185,0.02,0.75,0.969,0.07,0.034,0.681,0.673,0.556,0.561,0.621,0.62,0.576,0.57,0.681,0.673,0.624,0.617,0.569,0.562
9,c_charge_degree,None,0.5686546463245492,0.5575589459084604,0.323,0.048,-0.437,-0.04,0.383,0.054,0.552,0.888,-0.056999999999999995,0.004,0.681,0.507,0.556,0.386,0.621,0.449,0.576,0.593,0.681,0.507,0.624,0.547,0.569,0.558
9,sex,['priors_count'],0.5700416088765603,0.5617198335644937,0.369,-0.014,-0.529,0.078,0.446,0.032,0.549,1.067,-0.08000000000000002,0.032,0.699,0.565,0.573,0.442,0.639,0.506,0.575,0.586,0.699,0.565,0.631,0.575,0.57,0.562
9,age,['priors_count'],0.5700416088765603,0.5700416088765603,0.294,-0.048,0.375,0.14,0.4,0.057,0.6,1.098,0.3345,0.046000000000000006,0.699,0.689,0.573,0.561,0.639,0.628,0.575,0.576,0.699,0.689,0.631,0.627,0.57,0.57
9,race,['priors_count'],0.5700416088765603,0.5672676837725381,0.247,-0.0,-0.263,-0.002,0.267,0.019,0.674,0.969,-0.008000000000000007,-0.001,0.699,0.646,0.573,0.52,0.639,0.587,0.575,0.579,0.699,0.646,0.631,0.611,0.57,0.567
9,c_charge_degree,['priors_count'],0.5700416088765603,0.5686546463245492,0.345,-0.154,-0.487,0.121,0.418,0.126,0.533,1.307,-0.07100000000000001,-0.0165,0.699,0.554,0.573,0.415,0.639,0.488,0.575,0.597,0.699,0.554,0.631,0.575,0.57,0.569
9,sex,['c_charge_degree'],0.5839112343966713,0.5672676837725381,0.432,-0.276,-0.583,0.42,0.507,0.328,0.49,2.037,-0.07549999999999998,0.07199999999999998,0.673,0.633,0.515,0.506,0.598,0.573,0.592,0.581,0.673,0.633,0.63,0.606,0.584,0.567
9,age,['c_charge_degree'],0.5839112343966713,0.5450762829403606,0.235,-0.168,0.5,0.299,0.32,0.197,0.68,1.44,0.3675,0.06549999999999999,0.673,0.641,0.515,0.561,0.598,0.603,0.592,0.559,0.673,0.641,0.63,0.597,0.584,0.545
9,race,['c_charge_degree'],0.5839112343966713,0.5395284327323162,0.223,-0.112,-0.267,0.137,0.26,0.11,0.664,1.231,-0.022000000000000006,0.012500000000000004,0.673,0.586,0.515,0.512,0.598,0.551,0.592,0.559,0.673,0.586,0.63,0.572,0.584,0.54
9,priors_count,['c_charge_degree'],0.5839112343966713,0.5686546463245492,0.234,-0.16,-0.166,0.186,0.21,0.165,0.712,1.414,0.034,0.012999999999999998,0.673,0.567,0.515,0.43,0.598,0.502,0.592,0.594,0.673,0.567,0.63,0.58,0.584,0.569
9,sex,['race'],0.5742024965325936,0.5617198335644937,0.393,-0.014,-0.513,0.078,0.453,0.032,0.538,1.067,-0.06,0.032,0.691,0.565,0.556,0.442,0.627,0.506,0.58,0.586,0.691,0.565,0.631,0.575,0.574,0.562
9,age,['race'],0.5742024965325936,0.5533980582524272,0.471,0.099,0.5,0.108,0.48,0.038,0.52,0.948,0.4855,0.10350000000000001,0.691,0.736,0.556,0.649,0.627,0.695,0.58,0.557,0.691,0.736,0.631,0.634,0.574,0.553
9,priors_count,['race'],0.5742024965325936,0.5617198335644937,0.238,0.046,-0.065,0.022,0.164,0.02,0.775,0.969,0.0865,0.034,0.691,0.673,0.556,0.561,0.627,0.62,0.58,0.57,0.691,0.673,0.631,0.617,0.574,0.562
9,c_charge_degree,['race'],0.5742024965325936,0.550624133148405,0.316,0.04,-0.463,-0.009,0.391,0.035,0.548,0.914,-0.07350000000000001,0.0155,0.691,0.443,0.556,0.33,0.627,0.39,0.58,0.598,0.691,0.443,0.631,0.509,0.574,0.551
9,sex,['age'],0.5783633841886269,0.5450762829403606,0.202,-0.124,-0.348,0.069,0.274,0.093,0.726,1.253,-0.07299999999999998,-0.027499999999999997,0.847,0.485,0.719,0.389,0.786,0.44,0.566,0.58,0.847,0.485,0.679,0.528,0.578,0.545
9,race,['age'],0.5783633841886269,0.5436893203883495,0.25,-0.179,-0.381,0.041,0.318,0.108,0.682,1.188,-0.0655,-0.06899999999999999,0.847,0.681,0.719,0.608,0.786,0.646,0.566,0.554,0.847,0.681,0.679,0.611,0.578,0.544
9,priors_count,['age'],0.5783633841886269,0.5769764216366158,0.25,-0.158,-0.427,0.078,0.337,0.114,0.663,1.207,-0.0885,-0.04,0.847,0.689,0.719,0.547,0.786,0.621,0.566,0.583,0.847,0.689,0.679,0.632,0.578,0.577
9,c_charge_degree,['age'],0.5783633841886269,0.5714285714285714,0.269,-0.029,-0.43,-0.069,0.351,0.028,0.649,0.942,-0.08049999999999999,-0.049,0.847,0.538,0.719,0.392,0.786,0.469,0.566,0.604,0.847,0.538,0.679,0.569,0.578,0.571
